[FILE PATH]
DIRECTORY=c:\controls\epics\R3.14.12.4\modules\support\motor-6-8\iocBoot\iocPIE712WithAsyn\Feb21_2018
FILE NAME=c:\controls\epics\R3.14.12.4\modules\support\motor-6-8\iocBoot\iocPIE712WithAsyn\Feb21_2018\zx_before.dat
[PROGRAM]
NAME=NNC
VERSION=4.13.2.0
[DEVICE]
NAME=(c)2015 Physik Instrumente (PI) GmbH & Co. KG, E-712, 114049331, 13.20.11.12
[PARAMETERS]
GCS_VER=2
NB_AXIS=4
AX1_ID=1
AX1_CST=1
AX2_ID=2
AX2_CST=1
AX3_ID=3
AX3_CST=1
AX4_ID=4
AX4_CST=1
CHANNEL=3
SERVO ON=1
IMPULSE_LEN=1
START OFFSET VOL=50.0
START OFFSET POS=-30.0
TEST AMPLITUDE VOL=10.0
TEST AMPLITUDE POS=60.0
QDRR TABLE NUMBER=1
QDRR FIRST POINT=0
QDRR NB POINTS=1000
MEAS_ACTION=0
MEAS_TITLE=Measuring with Internal Sensor
LOOP GAIN=0.015598
TIME CONSTANT=0.00041
NOTCH FREQ=68.359001
TIME BASE=5.0e-005
RECORD_TABLE_RATE=1
AVG_OVERSAMPLING=1
TIME_BASE_MIN=5.0e-005
WAVGEN_TABLE_RATE_0=1
WAVGEN_TABLE_RATE_1=1
WAVGEN_TABLE_RATE_2=1
WAVGEN_TABLE_RATE_3=1
WAVGEN_TABLE_RATE_4=1
WAVGEN_TABLE_RATE_5=1
WAVGEN_TABLE_RATE_6=1
WAVGEN_TABLE_RATE_7=1
WAVGEN_TABLE_RATE_8=1
WAVGEN_TABLE_RATE_9=1
WAVGEN_TABLE_RATE_10=1
WAVGEN_TABLE_RATE_11=1
WAVGEN_TABLE_RATE_12=1
WAVGEN_TABLE_RATE_13=1
WAVGEN_TABLE_RATE_14=1
WAVGEN_TABLE_RATE_15=1
WAVGEN_TABLE_RATE_16=1
WAVGEN_TABLE_RATE_17=1
WAVGEN_TABLE_RATE_18=1
WAVGEN_TABLE_RATE_19=1
WAVGEN_TABLE_RATE_20=1
WAVGEN_TABLE_RATE_21=1
WAVGEN_TABLE_RATE_22=1
WAVGEN_TABLE_RATE_23=1
WAVGEN_TABLE_RATE_24=1
WAVGEN_TABLE_RATE_25=1
WAVGEN_TABLE_RATE_26=1
WAVGEN_TABLE_RATE_27=1
WAVGEN_TABLE_RATE_28=1
WAVGEN_TABLE_RATE_29=1
WAVGEN_TABLE_RATE_30=1
WAVGEN_TABLE_RATE_31=1
WAVGEN_TABLE_RATE_32=1
WAVGEN_TABLE_RATE_33=1
WAVGEN_TABLE_RATE_34=1
WAVGEN_TABLE_RATE_35=1
WAVGEN_TABLE_RATE_36=1
[GCS_ARRAY MEASURE]
# VERSION = 1
# TYPE = 1
# SEPARATOR = 9
# DIM = 1
# NDATA = 30000
#
# NAME0 = 
#
# END_HEADER
-30.004148
-30.003861
-30.003526
-30.003109
-30.002604
-30.002008
-30.001356
-30.000677
-29.999886
-29.998871
-29.997513
-29.995681
-29.993283
-29.990316
-29.986842
-29.98301
-29.979026
-29.975138
-29.97157
-29.96848
-29.965981
-29.964126
-29.962941
-29.962397
-29.962438
-29.96301
-29.96406
-29.965501
-29.967207
-29.969041
-29.970807
-29.972272
-29.973194
-29.973315
-29.972298
-29.969789
-29.965449
-29.958955
-29.949934
-29.938179
-29.923573
-29.906059
-29.885692
-29.862648
-29.837155
-29.809528
-29.780143
-29.749445
-29.717961
-29.686266
-29.65501
-29.624907
-29.596666
-29.570921
-29.54826
-29.529144
-29.513899
-29.502649
-29.495418
-29.492133
-29.492565
-29.496385
-29.503252
-29.512769
-29.524523
-29.538009
-29.552703
-29.568003
-29.583262
-29.597834
-29.611104
-29.622509
-29.631579
-29.637972
-29.641367
-29.641621
-29.638678
-29.632516
-29.62317
-29.610792
-29.595546
-29.577708
-29.557653
-29.535816
-29.512659
-29.488647
-29.464204
-29.439663
-29.415276
-29.391217
-29.367588
-29.344391
-29.321563
-29.299011
-29.276592
-29.254157
-29.231504
-29.208454
-29.184734
-29.160139
-29.134494
-29.107658
-29.079496
-29.049917
-29.01885
-28.986379
-28.952634
-28.917812
-28.88214
-28.845915
-28.809409
-28.772956
-28.736899
-28.701505
-28.667015
-28.633645
-28.601584
-28.570967
-28.541915
-28.514556
-28.488984
-28.465248
-28.443346
-28.423198
-28.404617
-28.38734
-28.371013
-28.355225
-28.339476
-28.323316
-28.306323
-28.288216
-28.26877
-28.247827
-28.225212
-28.200867
-28.174713
-28.146715
-28.116833
-28.085099
-28.051594
-28.016594
-27.980502
-27.943735
-27.90673
-27.86991
-27.833612
-27.798113
-27.763605
-27.730177
-27.697839
-27.666606
-27.636449
-27.60734
-27.579252
-27.552106
-27.525803
-27.500197
-27.475093
-27.450188
-27.425057
-27.399276
-27.372397
-27.343966
-27.313477
-27.280664
-27.245326
-27.20731
-27.166687
-27.123479
-27.077671
-27.029418
-26.978925
-26.926433
-26.872222
-26.816597
-26.759817
-26.702266
-26.644375
-26.586528
-26.529125
-26.472509
-26.416854
-26.362305
-26.308876
-26.256467
-26.204835
-26.153801
-26.103053
-26.052422
-26.001739
-25.95088
-25.89977
-25.848324
-25.796379
-25.743735
-25.69022
-25.635635
-25.579801
-25.522663
-25.464172
-25.40455
-25.34408
-25.283187
-25.222326
-25.161914
-25.102306
-25.043845
-24.986799
-24.931374
-24.877762
-24.826121
-24.77656
-24.72924
-24.684287
-24.64176
-24.601578
-24.563561
-24.527344
-24.492471
-24.458375
-24.424447
-24.390048
-24.354563
-24.31746
-24.278303
-24.236808
-24.19274
-24.14589
-24.096162
-24.043424
-23.987644
-23.928829
-23.86707
-23.802483
-23.735274
-23.665638
-23.593936
-23.520627
-23.446221
-23.371215
-23.296122
-23.221281
-23.147014
-23.073515
-23.000918
-22.929265
-22.858534
-22.788723
-22.719827
-22.651857
-22.584818
-22.518642
-22.453168
-22.38803
-22.322909
-22.257475
-22.191377
-22.12426
-22.055913
-21.986166
-21.915047
-21.842712
-21.769377
-21.695334
-21.620837
-21.546054
-21.471207
-21.396446
-21.321922
-21.247758
-21.17413
-21.101192
-21.029188
-20.958353
-20.888855
-20.820792
-20.75419
-20.688842
-20.624615
-20.561243
-20.498471
-20.436038
-20.373705
-20.311164
-20.248187
-20.184611
-20.120289
-20.055057
-19.988777
-19.921189
-19.852198
-19.781761
-19.709844
-19.636559
-19.562057
-19.486426
-19.410006
-19.333193
-19.256422
-19.180054
-19.104478
-19.030044
-18.957006
-18.885527
-18.815679
-18.74748
-18.680887
-18.615817
-18.552243
-18.490092
-18.42919
-18.369343
-18.310273
-18.251508
-18.192609
-18.133128
-18.072594
-18.010586
-17.946626
-17.88041
-17.811847
-17.740833
-17.667308
-17.591281
-17.512659
-17.431515
-17.347961
-17.262136
-17.174284
-17.084688
-16.993672
-16.901599
-16.808982
-16.716325
-16.624084
-16.532646
-16.442306
-16.353314
-16.265883
-16.180175
-16.096276
-16.014226
-15.933945
-15.85535
-15.778272
-15.70251
-15.627764
-15.55378
-15.480193
-15.406749
-15.333222
-15.259367
-15.185009
-15.110061
-15.03447
-14.958121
-14.881104
-14.803554
-14.725619
-14.647511
-14.569463
-14.491614
-14.414207
-14.337506
-14.261727
-14.187069
-14.113674
-14.041657
-13.971111
-13.902106
-13.834629
-13.768581
-13.703697
-13.639821
-13.576707
-13.51401
-13.45139
-13.388463
-13.32477
-13.259978
-13.193826
-13.126058
-13.056445
-12.984819
-12.911063
-12.835048
-12.756866
-12.676671
-12.594714
-12.511344
-12.426879
-12.341686
-12.256098
-12.170498
-12.085158
-12.000334
-11.916188
-11.832934
-11.750804
-11.669983
-11.5906
-11.512701
-11.436186
-11.360928
-11.286715
-11.213277
-11.140302
-11.067473
-10.994495
-10.920953
-10.84672
-10.771647
-10.69555
-10.618349
-10.539759
-10.459739
-10.378252
-10.295233
-10.21079
-10.125038
-10.03802
-9.950099
-9.861621
-9.772967
-9.684518
-9.596629
-9.509607
-9.42374
-9.339269
-9.256385
-9.175194
-9.095828
-9.018276
-8.942578
-8.868722
-8.796675
-8.726391
-8.657725
-8.590406
-8.524219
-8.458867
-8.394039
-8.329398
-8.264667
-8.199514
-8.133786
-8.067397
-8.000332
-7.932628
-7.864348
-7.795444
-7.725983
-7.655976
-7.585442
-7.514391
-7.442893
-7.371049
-7.299098
-7.227333
-7.156093
-7.085658
-7.016206
-6.947814
-6.880466
-6.81407
-6.748416
-6.683273
-6.618385
-6.553428
-6.488194
-6.422444
-6.356008
-6.288701
-6.220297
-6.150439
-6.078888
-6.005376
-5.929694
-5.851728
-5.771463
-5.68892
-5.604359
-5.518111
-5.430569
-5.342184
-5.25335
-5.164361
-5.075582
-4.987338
-4.899917
-4.813606
-4.728688
-4.645361
-4.563883
-4.484477
-4.407302
-4.33243
-4.259897
-4.189522
-4.121118
-4.054342
-3.98881
-3.924079
-3.85969
-3.795254
-3.730491
-3.665253
-3.599399
-3.532875
-3.465706
-3.397783
-3.32906
-3.259537
-3.189232
-3.118227
-3.046673
-2.97473
-2.902757
-2.831115
-2.760194
-2.690325
-2.621773
-2.554619
-2.488912
-2.424605
-2.361595
-2.299739
-2.23887
-2.178785
-2.119384
-2.060573
-2.00222
-1.944175
-1.886214
-1.827988
-1.76917
-1.709488
-1.648686
-1.586524
-1.522868
-1.457614
-1.390825
-1.322636
-1.253214
-1.182768
-1.111478
-1.039464
-0.966904
-0.893964
-0.82081
-0.747681
-0.674758
-0.602206
-0.530233
-0.459052
-0.388842
-0.319737
-0.251794
-0.18489
-0.11891
-0.053656
0.011106
0.075655
0.140223
0.205109
0.270498
0.336484
0.403106
0.470416
0.538543
0.60762
0.677708
0.748884
0.821148
0.894491
0.968815
1.044003
1.119756
1.195693
1.271467
1.346698
1.421019
1.494193
1.565958
1.636111
1.704502
1.771
1.835462
1.897807
1.95795
2.015858
2.071592
2.125298
2.177203
2.227678
2.277087
2.325803
2.374192
2.422628
2.471376
2.520805
2.571128
2.622486
2.674997
2.728745
2.783816
2.840247
2.897984
2.956884
3.016781
3.077506
3.138862
3.200649
3.262583
3.32441
3.385871
3.446758
3.506891
3.566224
3.6247
3.682316
3.739175
3.795425
3.851246
3.906836
3.962401
4.018136
4.074237
4.130913
4.188364
4.246883
4.306615
4.367731
4.430277
4.494274
4.559687
4.626511
4.694553
4.763587
4.833296
4.903389
4.973584
5.043631
5.113237
5.18212
5.25001
5.316693
5.38196
5.445667
5.507706
5.568031
5.626662
5.683743
5.739396
5.793836
5.847253
5.899848
5.951828
6.003397
6.054755
6.106182
6.157889
6.210063
6.262908
6.316545
6.370995
6.426327
6.482467
6.53929
6.596631
6.654356
6.712281
6.77023
6.827997
6.88536
6.942089
6.997954
7.052747
7.106298
7.158401
7.208915
7.257749
7.304909
7.350506
7.394747
7.437853
7.480038
7.521587
7.562766
7.603822
7.645066
7.686765
7.729096
7.772299
7.816574
7.8621
7.90911
7.957693
8.007953
8.059877
8.113438
8.168507
8.225024
8.282735
8.341367
8.400606
8.460147
8.519699
8.57906
8.638061
8.696568
8.754451
8.811646
8.868084
8.923694
8.978422
9.032231
9.085147
9.137229
9.18868
9.239754
9.290709
9.341846
9.393388
9.445534
9.498401
9.552097
9.606528
9.661571
9.717101
9.772995
9.829134
9.885458
9.94183
9.998089
10.05405
10.109487
10.16412
10.217647
10.26976
10.320186
10.368719
10.41523
10.459699
10.502246
10.543003
10.582182
10.620014
10.656703
10.692447
10.727506
10.762109
10.796475
10.830829
10.86543
10.900555
10.936562
10.973703
11.012196
11.052193
11.093796
11.137008
11.18178
11.227899
11.275086
11.323068
11.371571
11.420356
11.469271
11.518163
11.566898
11.615363
11.663421
11.710929
11.757753
11.80372
11.848716
11.892679
11.935617
11.977668
12.019076
12.060131
12.101148
12.142382
12.184043
12.226296
12.269288
12.313061
12.357649
12.40304
12.449313
12.496508
12.544796
12.594189
12.644694
12.696237
12.748614
12.801549
12.854765
12.907872
12.960539
13.012441
13.063326
13.113046
13.161516
13.208696
13.254569
13.299152
13.342484
13.384589
13.42553
13.465345
13.504107
13.541927
13.578983
13.615479
13.651706
13.687906
13.724372
13.761317
13.798894
13.837133
13.876079
13.915607
13.955577
13.995818
14.036143
14.076408
14.116521
14.156366
14.195841
14.234789
14.273052
14.310436
14.346795
14.381937
14.415709
14.44804
14.478965
14.508592
14.537174
14.564959
14.592261
14.619399
14.646651
14.674281
14.702496
14.73146
14.761314
14.792216
14.82435
14.857863
14.892997
14.929859
14.968479
15.008838
15.050795
15.094155
15.138687
15.184101
15.230104
15.276391
15.322708
15.368807
15.414524
15.459672
15.504104
15.547708
15.590364
15.631984
15.672561
15.712059
15.750475
15.787814
15.824155
15.859634
15.894479
15.928894
15.963061
15.997194
16.031473
16.066051
16.101051
16.136526
16.172485
16.20889
16.245719
16.282912
16.320433
16.358175
16.396019
16.433836
16.471459
16.508696
16.54539
16.581296
16.616228
16.650011
16.682524
16.713719
16.743624
16.772308
16.799868
16.8264
16.852039
16.876921
16.90122
16.925118
16.948813
16.972511
16.996442
17.020824
17.045904
17.071833
17.098745
17.126698
17.155751
17.185924
17.217206
17.249513
17.282702
17.316615
17.351077
17.385838
17.420703
17.455434
17.489782
17.523585
17.556697
17.589005
17.620459
17.65104
17.680771
17.709705
17.737901
17.765456
17.792543
17.819341
17.846045
17.872909
17.900195
17.928159
17.957089
17.98718
18.018553
18.051274
18.085361
18.120781
18.157494
18.195357
18.23418
18.273764
18.313905
18.354383
18.394991
18.435478
18.47557
18.514997
18.553536
18.590964
18.627121
18.661826
18.694992
18.726569
18.756573
18.785066
18.812168
18.838051
18.862908
18.886945
18.910333
18.933256
18.955878
18.97833
19.000753
19.023269
19.045988
19.069041
19.092556
19.116618
19.141245
19.166386
19.191954
19.217787
19.243703
19.26951
19.295046
19.320159
19.344763
19.368837
19.392395
19.41546
19.43806
19.460191
19.481842
19.503
19.523664
19.543846
19.563635
19.583178
19.602697
19.622433
19.642684
19.663685
19.685649
19.708697
19.732935
19.75838
19.785069
19.81297
19.842048
19.872234
19.903483
19.935652
19.9687
20.002488
20.03684
20.071523
20.106284
20.140857
20.174975
20.208375
20.240821
20.272138
20.302237
20.331092
20.358767
20.385371
20.410993
20.435739
20.45971
20.482999
20.50571
20.527953
20.549872
20.571639
20.593491
20.615679
20.638471
20.662058
20.686584
20.712086
20.738516
20.76573
20.79353
20.821684
20.84997
20.878185
20.906157
20.933763
20.960915
20.987505
21.013412
21.038471
21.062486
21.085263
21.106665
21.126617
21.145115
21.162256
21.178233
21.193288
21.207749
21.221913
21.236029
21.250303
21.264891
21.279936
21.295557
21.311829
21.328813
21.346574
21.365179
21.38468
21.405128
21.426508
21.448734
21.471704
21.495238
21.519114
21.543105
21.566967
21.590497
21.613568
21.636113
21.658125
21.679666
21.700809
21.721638
21.742204
21.762553
21.782723
21.802785
21.822792
21.84284
21.863071
21.883676
21.904862
21.92688
21.949899
21.974045
21.999334
22.0257
22.053001
22.081105
22.109808
22.138907
22.168238
22.197672
22.227111
22.256477
22.285644
22.314416
22.342582
22.369924
22.39621
22.421214
22.444777
22.466812
22.487303
22.506308
22.52392
22.540279
22.555551
22.569907
22.583528
22.596554
22.609137
22.621456
22.633635
22.645859
22.658284
22.671078
22.684395
22.698392
22.713191
22.728849
22.745355
22.762647
22.780606
22.799095
22.817924
22.836909
22.855889
22.874723
22.893291
22.911526
22.929348
22.946688
22.963507
22.979749
22.995385
23.01039
23.024775
23.038634
23.052085
23.065314
23.078555
23.092073
23.106099
23.120848
23.136485
23.153116
23.170782
23.189506
23.209286
23.230075
23.251818
23.274468
23.297953
23.322181
23.347031
23.372327
23.397837
23.423329
23.448591
23.473433
23.497667
23.521146
23.543742
23.565376
23.586028
23.605721
23.624512
23.642483
23.659749
23.676465
23.692796
23.708912
23.724981
23.741149
23.757542
23.774268
23.79142
23.809094
23.827332
23.846156
23.865566
23.8855
23.905862
23.926552
23.947399
23.968218
23.988816
24.008982
24.02851
24.047262
24.065113
24.081972
24.097755
24.112424
24.125939
24.138296
24.149501
24.159598
24.16865
24.176778
24.184112
24.190857
24.197233
24.203453
24.209714
24.216218
24.223168
24.230774
24.239203
24.248559
24.258921
24.270289
24.28266
24.296025
24.310322
24.3255
24.341482
24.358211
24.375591
24.393552
24.411941
24.430615
24.449405
24.468129
24.486614
24.504717
24.522357
24.539499
24.556146
24.572362
24.588262
24.603971
24.619591
24.6352
24.650875
24.666656
24.682571
24.698708
24.715145
24.731974
24.749304
24.767226
24.785815
24.805127
24.825105
24.845616
24.866462
24.887432
24.908293
24.928835
24.948854
24.968172
24.986668
25.004252
25.020842
25.036361
25.050739
25.063916
25.075853
25.086548
25.09603
25.104361
25.111671
25.118132
25.12398
25.129481
25.134894
25.140508
25.146536
25.153148
25.160443
25.168463
25.177223
25.186719
25.19693
25.207827
25.219386
25.231596
25.244432
25.257843
25.271709
25.285856
25.300061
25.314098
25.327713
25.340705
25.352935
25.36435
25.374964
25.384892
25.394272
25.40324
25.411941
25.420475
25.428904
25.437293
25.445695
25.454201
25.46293
25.472039
25.481725
25.492197
25.503629
25.516151
25.5298
25.544545
25.560268
25.57684
25.594091
25.611859
25.629976
25.648306
25.66674
25.685196
25.703608
25.721893
25.73994
25.757615
25.774755
25.791213
25.806876
25.821657
25.835528
25.848525
25.860761
25.872378
25.883548
25.894465
25.905281
25.916096
25.926986
25.937973
25.949051
25.960217
25.971481
25.982886
25.994495
26.006371
26.018571
26.031097
26.043925
26.056944
26.069957
26.082747
26.095082
26.106728
26.117522
26.127359
26.136215
26.144114
26.151111
26.157268
26.162669
26.167341
26.171322
26.174637
26.177373
26.179644
26.181618
26.183517
26.185598
26.188122
26.191348
26.19551
26.200763
26.207185
26.214807
26.223608
26.233548
26.244552
26.256523
26.269364
26.282983
26.297277
26.312133
26.327419
26.342989
26.358657
26.374226
26.389478
26.404222
26.418321
26.431671
26.444261
26.456118
26.46733
26.478033
26.488393
26.498544
26.50861
26.518685
26.52886
26.539183
26.549741
26.560576
26.571749
26.583316
26.595347
26.607902
26.621031
26.634708
26.648848
26.663306
26.677911
26.692443
26.706719
26.720572
26.733865
26.746508
26.758448
26.76964
26.78007
26.789707
26.798529
26.806517
26.813662
26.819972
26.825508
26.830371
26.834684
26.838609
26.842309
26.845932
26.849646
26.853592
26.85789
26.862605
26.867813
26.873543
26.879839
26.886672
26.894023
26.901849
26.91009
26.918691
26.927601
26.936724
26.945946
26.95516
26.964251
26.973099
26.981584
26.989604
26.997076
27.003965
27.010277
27.016064
27.021394
27.026347
27.031044
27.035619
27.040175
27.044827
27.049711
27.054927
27.060613
27.066915
27.073931
27.08179
27.09064
27.100555
27.111549
27.12361
27.136649
27.150546
27.165187
27.180419
27.196059
27.211905
27.227766
27.243462
27.258823
27.273693
27.287931
27.301426
27.314109
27.325929
27.336849
27.346844
27.355915
27.364101
27.371469
27.378122
27.384175
27.389777
27.395089
27.400292
27.405542
27.410957
27.416642
27.422632
27.428949
27.435585
27.44249
27.449587
27.456812
27.464095
27.471385
27.478622
27.485728
27.492595
27.499092
27.505076
27.510415
27.514987
27.518718
27.521604
27.523681
27.525045
27.525855
27.526263
27.526445
27.526539
27.526688
27.527016
27.527613
27.528595
27.530074
27.532162
27.534982
27.538628
27.543189
27.548746
27.55534
27.562978
27.571623
27.581157
27.591434
27.602292
27.613524
27.624965
27.636451
27.647874
27.65917
27.670276
27.681151
27.69173
27.701973
27.71182
27.721202
27.730039
27.738283
27.74593
27.753042
27.759731
27.766143
27.772449
27.778833
27.785451
27.792433
27.799818
27.807606
27.815757
27.824247
27.833051
27.842161
27.851599
27.861393
27.871555
27.882068
27.892861
27.903818
27.914744
27.925421
27.935635
27.945183
27.953909
27.961728
27.968598
27.97456
27.979649
27.983926
27.987458
27.990293
27.992467
27.994021
27.995016
27.995514
27.995624
27.995507
27.995344
27.995343
27.995712
27.996633
27.998254
28.000666
28.003854
28.007753
28.012227
28.017142
28.022389
28.027858
28.033479
28.039196
28.044964
28.050747
28.056502
28.062159
28.067616
28.072748
28.077448
28.081627
28.08525
28.088351
28.091058
28.093548
28.096028
28.098744
28.101896
28.10566
28.110103
28.115262
28.121111
28.127618
28.134778
28.142643
28.151254
28.160662
28.170868
28.18184
28.1935
28.205721
28.218306
28.23101
28.243591
28.255835
28.26755
28.278603
28.288908
28.298435
28.307176
28.315144
28.322368
28.328865
28.334632
28.339664
28.343974
28.34757
28.350528
28.352935
28.354924
28.356675
28.358366
28.360183
28.36225
28.364653
28.367434
28.370581
28.374039
28.377746
28.38161
28.385579
28.389591
28.393634
28.397717
28.401826
28.405953
28.410035
28.413994
28.417699
28.421025
28.423848
28.426087
28.427709
28.428757
28.429311
28.429479
28.429404
28.429215
28.429033
28.42893
28.428977
28.429226
28.429745
28.430615
28.431961
28.433884
28.436501
28.43992
28.444223
28.449434
28.455535
28.462456
28.470091
28.478307
28.486959
28.495887
28.504951
28.51402
28.522997
28.531792
28.540342
28.548567
28.556417
28.563842
28.570797
28.577259
28.583203
28.588621
28.593574
28.598133
28.602416
28.606553
28.610679
28.61497
28.619572
28.624606
28.630137
28.636203
28.642804
28.649892
28.657402
28.665242
28.673332
28.68159
28.689951
28.698308
28.706547
28.71453
28.722124
28.729166
28.735492
28.740976
28.745523
28.749082
28.751656
28.753301
28.754083
28.754087
28.753431
28.752237
28.750643
28.748783
28.746761
28.744714
28.742765
28.741022
28.739596
28.738566
28.738017
28.738021
28.738638
28.739899
28.741815
28.744342
28.747417
28.750962
28.754872
28.759008
28.763258
28.767517
28.771705
28.775783
28.77972
28.783516
28.787173
28.790714
28.794141
28.797441
28.800605
28.803648
28.806586
28.809466
28.812361
28.815379
28.818652
28.822309
28.826475
28.831215
28.83655
28.842479
28.848975
28.855983
28.863453
28.871318
28.879518
28.888
28.896736
28.905664
28.914715
28.923797
28.93279
28.941549
28.949935
28.957801
28.965007
28.971449
28.977061
28.981813
28.985738
28.988895
28.991365
28.993241
28.994624
28.995587
28.996208
28.996557
28.99671
28.996745
28.996743
28.996819
28.997093
28.997704
28.998769
29.000365
29.002521
29.005213
29.008357
29.011808
29.015433
29.019074
29.022593
29.025906
29.028971
29.031763
29.034268
29.036464
29.038307
29.039753
29.040725
29.041158
29.041014
29.040313
29.039134
29.03762
29.035956
29.034355
29.033032
29.032178
29.031927
29.03235
29.033521
29.035443
29.038087
29.041447
29.045486
29.050197
29.055576
29.061606
29.068241
29.075433
29.083082
29.091046
29.099161
29.107227
29.115075
29.122549
29.129538
29.135985
29.141895
29.147303
29.152279
29.156905
29.161251
29.165357
29.169244
29.17293
29.1764
29.179681
29.182817
29.185895
29.18902
29.192304
29.195864
29.199801
29.204146
29.208864
29.213863
29.219018
29.224176
29.229186
29.233937
29.238351
29.242411
29.246112
29.249477
29.252511
29.255174
29.257391
29.259062
29.260072
29.260345
29.259844
29.25859
29.256653
29.254153
29.251247
29.248115
29.2449
29.241746
29.238743
29.235957
29.233433
29.231217
29.229335
29.227838
29.226789
29.226278
29.226398
29.227222
29.228774
29.231053
29.233991
29.237487
29.24138
29.245524
29.249764
29.253966
29.258046
29.261941
29.265628
29.26911
29.272412
29.275539
29.278498
29.281265
29.283825
29.286152
29.288234
29.290119
29.2919
29.293722
29.295744
29.298138
29.30106
29.304615
29.308835
29.31373
29.31922
29.325216
29.331619
29.338331
29.345266
29.352375
29.359617
29.36692
29.374213
29.381388
29.388315
29.394829
29.400779
29.406027
29.41047
29.414061
29.416803
29.418736
29.419941
29.420532
29.420645
29.420411
29.419936
29.419324
29.418658
29.417982
29.417367
29.416865
29.416548
29.416483
29.416751
29.41739
29.418436
29.419891
29.421729
29.423886
29.426273
29.428763
29.431223
29.433536
29.435614
29.437381
29.438801
29.439875
29.440609
29.441052
29.441229
29.441165
29.440868
29.440329
29.439566
29.438616
29.437563
29.436507
29.435578
29.434908
29.434624
29.434833
29.435622
29.437044
29.439091
29.441742
29.444985
29.448781
29.453087
29.457878
29.463106
29.468741
29.474755
29.481096
29.487686
29.494423
29.501192
29.507887
29.514376
29.520549
29.526307
29.531572
29.536309
29.540505
29.544181
29.547379
29.550163
29.552605
29.55477
29.55671
29.55849
29.560144
29.561719
29.563251
29.564788
29.566398
29.568153
29.570118
29.572357
29.574912
29.577792
29.58094
29.584293
29.587727
29.591109
29.594308
29.597207
29.599728
29.601816
29.603426
29.60453
29.605105
29.605123
29.604579
29.603445
29.601713
29.599389
29.596529
29.59322
29.589591
29.585783
29.58196
29.578297
29.574962
29.57209
29.569791
29.568119
29.567099
29.566721
29.56696
29.567768
29.569094
29.570907
29.573154
29.575821
29.578853
29.582199
29.585779
29.589492
29.593206
29.596802
29.600142
29.603141
29.605746
29.60794
29.609758
29.611301
29.612691
29.614056
29.615495
29.617082
29.618868
29.620853
29.623052
29.625485
29.628166
29.631133
29.634462
29.638238
29.642533
29.647371
29.652725
29.658526
29.664643
29.670916
29.677185
29.683294
29.689128
29.694606
29.699691
29.704367
29.708609
29.712411
29.71576
29.718601
29.720908
29.722617
29.723658
29.724012
29.723696
29.722756
29.721311
29.719498
29.717464
29.715343
29.713255
29.711293
29.709504
29.707904
29.706484
29.70523
29.704132
29.703193
29.702448
29.701955
29.701788
29.701994
29.702567
29.703475
29.704618
29.705859
29.707043
29.708033
29.708714
29.709021
29.708952
29.708562
29.707938
29.707186
29.706372
29.705545
29.704728
29.703901
29.703049
29.702198
29.701385
29.700705
29.7003
29.700307
29.700889
29.702176
29.704251
29.70714
29.710811
29.715169
29.720091
29.725437
29.731074
29.736876
29.742761
29.748667
29.754527
29.760293
29.765893
29.771244
29.776233
29.780749
29.784665
29.787898
29.790418
29.792237
29.793429
29.794121
29.794452
29.794592
29.79467
29.794806
29.795071
29.795515
29.796138
29.796919
29.797836
29.79889
29.800093
29.801489
29.803106
29.804977
29.807105
29.809432
29.81186
29.814239
29.816387
29.818136
29.81935
29.819956
29.819929
29.819299
29.818139
29.816531
29.814568
29.812308
29.809804
29.807064
29.804101
29.800947
29.797648
29.794278
29.790946
29.787787
29.784937
29.782523
29.780654
29.779396
29.778754
29.778716
29.779225
29.780224
29.781645
29.783422
29.78552
29.787918
29.790597
29.793534
29.796707
29.800059
29.803524
29.807034
29.810482
29.813787
29.816877
29.819699
29.822237
29.824504
29.826567
29.8285
29.83038
29.832283
29.834266
29.836372
29.838613
29.840992
29.843495
29.846124
29.848895
29.851871
29.855129
29.858722
29.862665
29.866961
29.87157
29.876385
29.8813
29.886165
29.890848
29.895236
29.899215
29.902707
29.905664
29.908062
29.909876
29.911085
29.911667
29.91162
29.910922
29.909569
29.907609
29.905092
29.902103
29.898752
29.895184
29.891549
29.887979
29.884625
29.881599
29.878993
29.87687
29.875248
29.874131
29.87349
29.873279
29.873433
29.873913
29.874665
29.875641
29.876784
29.878027
29.879283
29.880486
29.881534
29.882336
29.882809
29.882901
29.882577
29.881858
29.880803
29.879515
29.878116
29.876734
29.875484
29.874466
29.873736
29.873328
29.873279
29.873626
29.874389
29.875609
29.877324
29.879569
29.88236
29.885679
29.889482
29.893691
29.89822
29.902943
29.907742
29.912494
29.917085
29.921435
29.925487
29.929207
29.93259
29.935644
29.938363
29.940766
29.942842
29.94457
29.945962
29.947014
29.947733
29.94813
29.948257
29.948176
29.947993
29.947806
29.947708
29.947786
29.948065
29.948562
29.949248
29.950096
29.951032
29.952012
29.952988
29.953955
29.954913
29.955876
29.956859
29.957833
29.958744
29.959517
29.960045
29.960217
29.959956
29.959198
29.957956
29.956252
29.954165
29.951782
29.949192
29.946467
29.943684
29.9409
29.938143
29.93545
29.932866
29.930439
29.928273
29.926477
29.92516
29.924428
29.924385
29.925077
29.926504
29.928614
29.931337
29.934551
29.938102
29.941863
29.945718
29.949594
29.953434
29.957214
29.9609
29.964468
29.967884
29.971091
29.974033
29.976639
29.978844
29.980624
29.982009
29.98308
29.983943
29.984751
29.985641
29.986766
29.988221
29.990051
29.992249
29.994765
29.997535
30.00049
30.003589
30.006816
30.010158
30.013616
30.017174
30.020816
30.024459
30.027986
30.031241
30.034059
30.036306
30.03786
30.038678
30.038779
30.038228
30.037125
30.035576
30.033687
30.031547
30.029213
30.02673
30.024119
30.021381
30.018556
30.015692
30.012879
30.010222
30.007829
30.005813
30.004251
30.003191
30.002605
30.002428
30.002564
30.002899
30.003343
30.003806
30.004221
30.004573
30.004868
30.00515
30.005433
30.005728
30.006007
30.006234
30.006328
30.006195
30.005788
30.005077
30.004099
30.002939
30.001721
30.000573
29.999627
29.998997
29.998725
29.998819
29.999241
29.999973
30.000976
30.002268
30.003856
30.005791
30.008122
30.010913
30.014183
30.017921
30.022034
30.02643
30.030958
30.035469
30.039831
30.043913
30.047638
30.050958
30.053861
30.056365
30.058494
30.060256
30.06163
30.062591
30.06313
30.063232
30.062893
30.062141
30.061039
30.059696
30.058236
30.056808
30.055541
30.05453
30.053841
30.053483
30.053435
30.053624
30.053971
30.054394
30.054814
30.055186
30.055478
30.055686
30.055789
30.055777
30.055607
30.055214
30.054522
30.053424
30.051849
30.049755
30.047154
30.044123
30.040762
30.037225
30.033653
30.030185
30.026944
30.024018
30.021466
30.019342
30.017661
30.016441
30.015703
30.01547
30.015784
30.016681
30.018176
30.02025
30.022839
30.025867
30.029231
30.03281
30.036471
30.040097
30.043579
30.046857
30.049873
30.052622
30.055108
30.057339
30.059327
30.061087
30.062634
30.063968
30.065094
30.066001
30.066704
30.067237
30.067647
30.068008
30.068411
30.068942
30.069682
30.070687
30.071959
30.073475
30.075177
30.077001
30.078858
30.080699
30.082487
30.084195
30.085822
30.087369
30.088838
30.090198
30.091392
30.092363
30.093021
30.093286
30.093105
30.092451
30.091312
30.089706
30.087678
30.085303
30.082667
30.079855
30.076955
30.074019
30.071084
30.068181
30.065349
30.062634
30.060086
30.057756
30.055732
30.054072
30.052831
30.052059
30.051765
30.051927
30.052503
30.053396
30.054493
30.055685
30.056869
30.057969
30.058927
30.059738
30.060403
30.060925
30.061326
30.061609
30.061779
30.061806
30.061672
30.061366
30.060902
30.060344
30.059799
30.0594
30.059294
30.059609
30.060427
30.061821
30.063796
30.066326
30.069344
30.07277
30.076516
30.080493
30.084644
30.088922
30.093289
30.097698
30.102092
30.106394
30.110497
30.114286
30.11763
30.120403
30.122541
30.12401
30.124815
30.125011
30.124688
30.123961
30.122926
30.121699
30.120354
30.118931
30.117445
30.115911
30.114337
30.112753
30.111194
30.109708
30.10838
30.107273
30.106444
30.105917
30.105682
30.105673
30.105802
30.105944
30.105988
30.105849
30.105471
30.104866
30.104068
30.103124
30.10209
30.10101
30.099885
30.098698
30.097402
30.095965
30.094365
30.092606
30.090748
30.088875
30.087102
30.08555
30.084323
30.083511
30.083154
30.083239
30.083727
30.084563
30.085678
30.087052
30.08866
30.0905
30.092596
30.094981
30.097673
30.10066
30.103893
30.107276
30.110679
30.113986
30.117059
30.119816
30.122184
30.124151
30.125735
30.126994
30.127996
30.128781
30.129401
30.129882
30.130212
30.130386
30.130401
30.130278
30.130054
30.12981
30.129645
30.129667
30.129988
30.130687
30.131798
30.133284
30.135057
30.137008
30.139016
30.140951
30.142735
30.144312
30.145662
30.146792
30.147695
30.148353
30.148705
30.148676
30.148202
30.147205
30.145625
30.143444
30.140679
30.137428
30.133828
30.130026
30.126191
30.122452
30.118921
30.115679
30.112746
30.110149
30.10788
30.10593
30.104299
30.103017
30.102099
30.101565
30.101439
30.101714
30.102339
30.103252
30.104361
30.10556
30.10673
30.107781
30.108631
30.109256
30.109663
30.109912
30.110053
30.110163
30.110298
30.110504
30.110793
30.111156
30.111585
30.112072
30.112645
30.113341
30.114238
30.115407
30.116916
30.118824
30.121152
30.123885
30.126954
30.130261
30.133693
30.137144
30.140531
30.143795
30.14691
30.149861
30.15264
30.155243
30.157655
30.159816
30.161668
30.163121
30.164117
30.16462
30.164598
30.164055
30.163041
30.161622
30.159876
30.157884
30.155734
30.153493
30.151198
30.148897
30.146606
30.144339
30.142105
30.139964
30.137958
30.136135
30.134544
30.133235
30.132238
30.131554
30.131175
30.131035
30.131062
30.131145
30.131181
30.131091
30.130821
30.13035
30.129684
30.128832
30.127823
30.126664
30.125366
30.123919
30.122323
30.120577
30.118688
30.116696
30.114671
30.112718
30.110952
30.10949
30.108432
30.107844
30.107766
30.108218
30.109185
30.110608
30.112433
30.114594
30.11703
30.119692
30.122536
30.125525
30.12861
30.131735
30.134819
30.137788
30.140549
30.143021
30.145131
30.146832
30.148114
30.148979
30.149475
30.149678
30.149692
30.149631
30.149585
30.149623
30.149775
30.150064
30.150485
30.151032
30.151681
30.152426
30.153282
30.154272
30.15543
30.15676
30.158244
30.159847
30.161486
30.163063
30.164435
30.165499
30.166163
30.16637
30.166084
30.165325
30.164137
30.16258
30.160707
30.158583
30.156229
30.153647
30.150826
30.147782
30.144548
30.141172
30.137746
30.134358
30.131128
30.128159
30.125524
30.123291
30.121481
30.120085
30.11907
30.118401
30.118027
30.11792
30.118053
30.118436
30.119087
30.120015
30.121239
30.122746
30.124489
30.126406
30.128394
30.130358
30.132189
30.133825
30.135225
30.136396
30.137386
30.138252
30.139092
30.139964
30.140912
30.14193
30.142998
30.144061
30.145098
30.146109
30.147112
30.148158
30.149337
30.15073
30.152432
30.154469
30.156839
30.159479
30.162282
30.165112
30.167845
30.170357
30.172575
30.174449
30.175969
30.177152
30.177999
30.17852
30.178695
30.178497
30.177881
30.176803
30.175241
30.173205
30.170732
30.167931
30.164925
30.161866
30.158906
30.156174
30.153764
30.15174
30.150089
30.148793
30.147794
30.147043
30.146479
30.146087
30.145852
30.145794
30.145924
30.146247
30.146708
30.147246
30.147744
30.148093
30.148164
30.147864
30.147149
30.146029
30.144557
30.142833
30.140975
30.139108
30.13733
30.135693
30.134218
30.132898
30.131725
30.13069
30.129817
30.129158
30.12878
30.128783
30.129232
30.130204
30.131708
30.133706
30.136122
30.138835
30.141731
30.144685
30.147615
30.15048
30.15325
30.155939
30.158559
30.161139
30.163666
30.166114
30.168449
30.170592
30.172472
30.17404
30.175267
30.176154
30.17673
30.177073
30.177269
30.1774
30.177533
30.177717
30.177952
30.178222
30.178477
30.178662
30.178754
30.178739
30.178643
30.178523
30.178423
30.178392
30.178451
30.178592
30.178759
30.178854
30.178768
30.178406
30.177685
30.176567
30.17505
30.173176
30.171003
30.168598
30.166036
30.16336
30.160586
30.157712
30.154738
30.151683
30.148566
30.145453
30.14243
30.139613
30.13712
30.135052
30.133511
30.132561
30.132204
30.132428
30.133157
30.134324
30.135849
30.137648
30.139648
30.14181
30.144099
30.146468
30.148864
30.151243
30.153539
30.155686
30.157602
30.15923
30.160515
30.161423
30.161972
30.162203
30.162204
30.162083
30.161944
30.161882
30.161967
30.162233
30.162699
30.163361
30.164191
30.165183
30.16631
30.167586
30.169016
30.170619
30.172406
30.174345
30.176391
30.178456
30.180435
30.182218
30.183707
30.184817
30.18549
30.185714
30.185502
30.184895
30.18395
30.182715
30.181237
30.179553
30.177699
30.175687
30.173528
30.171255
30.168892
30.166496
30.164129
30.161854
30.159734
30.157814
30.156142
30.15473
30.153582
30.152659
30.151911
30.151275
30.150705
30.150143
30.149584
30.149021
30.148467
30.147951
30.147492
30.147087
30.146696
30.146272
30.145763
30.145129
30.144327
30.143345
30.142213
30.140976
30.13972
30.138533
30.137476
30.136629
30.136013
30.135657
30.135557
30.135691
30.13605
30.136644
30.137489
30.138629
30.140127
30.142038
30.144377
30.147131
30.15026
30.153675
30.157283
30.160957
30.164582
30.168053
30.171296
30.174258
30.176906
30.179239
30.181246
30.182944
30.1843
30.185295
30.185907
30.186109
30.18589
30.185269
30.184286
30.183017
30.181575
30.180071
30.178622
30.177336
30.176273
30.175455
30.174876
30.174473
30.174196
30.173967
30.173728
30.17345
30.173132
30.172772
30.172372
30.171932
30.171437
30.170841
30.170075
30.16904
30.167665
30.165905
30.163751
30.161259
30.158513
30.155636
30.152759
30.149998
30.14744
30.145145
30.143136
30.141425
30.139994
30.138842
30.137964
30.137383
30.137145
30.137297
30.13788
30.138902
30.140338
30.142128
30.14418
30.146385
30.148606
30.150735
30.152694
30.154447
30.155985
30.157328
30.158509
30.159577
30.16057
30.161503
30.162351
30.16308
30.163634
30.163971
30.164083
30.164006
30.163786
30.163516
30.163302
30.16324
30.163401
30.163815
30.164465
30.165297
30.166247
30.16725
30.168251
30.16923
30.170187
30.17116
30.172192
30.1733
30.174493
30.175742
30.17697
30.178084
30.178983
30.179573
30.179777
30.17956
30.178941
30.17796
30.176692
30.175198
30.173532
30.171738
30.169815
30.16775
30.165535
30.163168
30.160668
30.158088
30.155504
30.153028
30.150759
30.148803
30.147233
30.14608
30.145321
30.144912
30.144778
30.144838
30.144991
30.145176
30.145345
30.145482
30.145591
30.145693
30.145807
30.145926
30.146011
30.146016
30.145873
30.145531
30.14496
30.144174
30.143225
30.142227
30.141301
30.140574
30.140155
30.14012
30.140499
30.141307
30.142493
30.144009
30.145794
30.147815
30.150056
30.152521
30.155206
30.15812
30.161233
30.164478
30.167752
30.170958
30.173952
30.17663
30.178888
30.180652
30.181897
30.182634
30.182915
30.18281
30.182397
30.181741
30.1809
30.1799
30.17875
30.177459
30.176037
30.174494
30.172878
30.17124
30.169641
30.16816
30.166871
30.16581
30.164998
30.164392
30.163939
30.163577
30.163221
30.162807
30.162307
30.161698
30.161004
30.16026
30.159495
30.158731
30.157968
30.157204
30.156387
30.155476
30.15441
30.153162
30.151733
30.150146
30.148474
30.146793
30.145178
30.143702
30.142416
30.141356
30.140526
30.139907
30.139461
30.139175
30.139032
30.139056
30.139274
30.139742
30.140475
30.1415
30.142828
30.144427
30.146249
30.148216
30.150232
30.152223
30.154097
30.155807
30.157318
30.158627
30.159737
30.16067
30.161449
30.162077
30.162557
30.162898
30.163073
30.163083
30.162914
30.162597
30.162191
30.161781
30.161463
30.161329
30.161461
30.161913
30.162705
30.163788
30.165087
30.16652
30.167987
30.169413
30.17074
30.171945
30.173014
30.173937
30.174694
30.175239
30.17554
30.175525
30.175132
30.174284
30.172952
30.171124
30.168838
30.16615
30.163164
30.160001
30.156793
30.153656
30.15066
30.147875
30.145327
30.143018
30.140939
30.1391
30.137502
30.136156
30.135102
30.134363
30.13395
30.133881
30.134145
30.134691
30.135438
30.136286
30.137121
30.137876
30.138481
30.138925
30.139219
30.139411
30.139573
30.139763
30.140021
30.140362
30.140774
30.141249
30.141744
30.142225
30.142685
30.143154
30.143672
30.144321
30.145178
30.146298
30.147714
30.149412
30.151338
30.153411
30.155551
30.157658
30.159658
30.161532
30.163269
30.164881
30.166397
30.167861
30.169268
30.170603
30.171799
30.172776
30.173459
30.173764
30.173651
30.17312
30.172194
30.170938
30.169423
30.16773
30.165937
30.164093
30.162232
30.160348
30.158435
30.15649
30.154512
30.152517
30.150554
30.148693
30.147023
30.145639
30.144592
30.143911
30.143558
30.143461
30.143526
30.143641
30.143722
30.143686
30.143511
30.143181
30.142723
30.142178
30.14158
30.140937
30.140222
30.139397
30.138402
30.137194
30.135765
30.134146
30.132402
30.130637
30.128984
30.127575
30.126524
30.125908
30.125741
30.126007
30.126664
30.127658
30.128918
30.130406
30.132087
30.133945
30.135986
30.138207
30.140604
30.143133
30.145723
30.148267
30.15065
30.152768
30.154533
30.155904
30.156892
30.157533
30.157896
30.158076
30.158166
30.158256
30.158396
30.158607
30.158867
30.159158
30.159449
30.159732
30.160005
30.160298
30.160652
30.161134
30.161771
30.162583
30.163544
30.164596
30.16566
30.16662
30.167358
30.167804
30.167914
30.167679
30.167135
30.166351
30.165367
30.164236
30.162966
30.161548
30.159962
30.158179
30.156179
30.153955
30.15154
30.149016
30.146465
30.143987
30.141672
30.139584
30.137768
30.136234
30.134965
30.133908
30.133035
30.132339
30.13181
30.131455
30.131309
30.131414
30.131794
30.132481
30.133454
30.134693
30.136125
30.13767
30.139231
30.140718
30.142062
30.143232
30.144227
30.145068
30.145807
30.146471
30.147098
30.147684
30.148224
30.148684
30.149054
30.149312
30.149481
30.149596
30.149719
30.149934
30.15032
30.15095
30.151856
30.15304
30.15446
30.156063
30.157769
30.159498
30.16117
30.162745
30.164193
30.165494
30.166639
30.167621
30.168423
30.169018
30.169354
30.169364
30.169004
30.168229
30.167052
30.165491
30.163603
30.161473
30.159209
30.156928
30.15472
30.152669
30.150818
30.149196
30.147783
30.14656
30.145508
30.144627
30.143896
30.143311
30.142886
30.142609
30.142486
30.142481
30.14255
30.14262
30.142601
30.142409
30.141986
30.14129
30.140298
30.139033
30.137554
30.135928
30.134245
30.132573
30.130965
30.12944
30.128013
30.126675
30.125433
30.124292
30.123271
30.122433
30.121841
30.121555
30.121629
30.122081
30.122915
30.12409
30.12555
30.127212
30.129007
30.130863
30.132742
30.134613
30.136472
30.138334
30.140209
30.142087
30.143962
30.145808
30.147576
30.149209
30.15065
30.151862
30.152802
30.153462
30.153878
30.154099
30.154185
30.154203
30.154185
30.154159
30.15411
30.154026
30.153865
30.153596
30.153217
30.152745
30.152213
30.151682
30.151217
30.150865
30.150659
30.150586
30.150598
30.150622
30.150566
30.150344
30.149897
30.149184
30.148214
30.147
30.145593
30.144037
30.142367
30.140612
30.138761
30.136809
30.134736
30.132529
30.130199
30.127792
30.125382
30.123074
30.120984
30.119229
30.11789
30.117002
30.116581
30.116594
30.116971
30.117632
30.118513
30.119558
30.120721
30.121984
30.123346
30.124807
30.126345
30.127924
30.129483
30.130938
30.132194
30.133183
30.133843
30.13415
30.13413
30.133844
30.1334
30.132915
30.132497
30.132229
30.13215
30.132269
30.132553
30.132973
30.133487
30.134079
30.134752
30.135541
30.136489
30.137641
30.139012
30.140605
30.142366
30.144215
30.146038
30.147729
30.149177
30.150304
30.151091
30.15155
30.151732
30.151684
30.151479
30.15116
30.150744
30.150229
30.149579
30.148771
30.147774
30.146585
30.145224
30.143746
30.142229
30.140751
30.13939
30.1382
30.1372
30.136386
30.135712
30.135125
30.134564
30.133964
30.133314
30.132622
30.131931
30.131309
30.130807
30.130459
30.130271
30.130208
30.130189
30.130151
30.130011
30.129692
30.129173
30.128462
30.12762
30.126717
30.125839
30.125053
30.124389
30.123868
30.123467
30.123166
30.122929
30.122747
30.12261
30.122563
30.122673
30.123024
30.123707
30.124768
30.126232
30.128075
30.130234
30.132603
30.135078
30.137543
30.139928
30.142182
30.144286
30.146247
30.148056
30.14971
30.151191
30.152474
30.153506
30.154221
30.154574
30.15452
30.154072
30.153265
30.152168
30.150893
30.149548
30.148248
30.147084
30.146099
30.145327
30.14475
30.144316
30.143984
30.143699
30.14344
30.143207
30.143015
30.142877
30.1428
30.142789
30.142811
30.142803
30.142687
30.142367
30.141758
30.140822
30.139535
30.13794
30.136112
30.134131
30.132095
30.13008
30.128145
30.126312
30.124597
30.122994
30.121492
30.120101
30.118825
30.1177
30.116767
30.116089
30.115706
30.115645
30.115898
30.116437
30.117199
30.118113
30.119085
30.120046
30.120924
30.121702
30.122369
30.122937
30.123452
30.123952
30.124463
30.12499
30.125499
30.125965
30.126354
30.126622
30.126758
30.126755
30.126647
30.12648
30.126341
30.126298
30.126381
30.126628
30.127029
30.127556
30.128184
30.128874
30.129596
30.130344
30.131113
30.131933
30.132844
30.133874
30.135041
30.13634
30.137727
30.139114
30.140419
30.141561
30.142449
30.143036
30.143295
30.143245
30.142928
30.142381
30.141635
30.14072
30.139645
30.138402
30.136972
30.135343
30.133529
30.131564
30.129491
30.127384
30.125332
30.123438
30.121778
30.120418
30.119388
30.1187
30.118323
30.118189
30.118226
30.118356
30.118535
30.118731
30.118935
30.119158
30.119409
30.119674
30.119945
30.120178
30.120326
30.120335
30.120167
30.119782
30.119206
30.118479
30.11769
30.116942
30.116329
30.115956
30.115878
30.116114
30.116671
30.117511
30.118582
30.11984
30.121247
30.122806
30.124515
30.126389
30.128415
30.130583
30.132863
30.135194
30.137477
30.13962
30.141521
30.143109
30.144317
30.145141
30.145585
30.145696
30.145551
30.145234
30.144793
30.144268
30.143673
30.142986
30.142192
30.14128
30.140248
30.139113
30.137923
30.136755
30.135682
30.134757
30.134019
30.133473
30.133085
30.132809
30.13257
30.132294
30.131944
30.131492
30.130939
30.13032
30.129684
30.129066
30.12851
30.128015
30.127558
30.127071
30.1265
30.125775
30.124859
30.123732
30.122417
30.120971
30.119475
30.118011
30.116638
30.1154
30.114309
30.113337
30.112459
30.111637
30.110857
30.110127
30.109487
30.108999
30.108742
30.108773
30.109127
30.109805
30.110784
30.112005
30.113383
30.11483
30.116246
30.117571
30.11878
30.119856
30.120826
30.12171
30.122529
30.123278
30.123959
30.124537
30.124954
30.12517
30.125157
30.124919
30.124516
30.124013
30.123535
30.123173
30.123014
30.123135
30.123553
30.124241
30.125153
30.126213
30.127346
30.128474
30.129554
30.130574
30.131544
30.132489
30.133412
30.13428
30.135052
30.135646
30.135969
30.135955
30.135529
30.134676
30.133412
30.131796
30.129895
30.127821
30.125679
30.123551
30.121516
30.119598
30.117792
30.116077
30.114452
30.112931
30.111539
30.110296
30.109262
30.10848
30.107996
30.107817
30.107927
30.108272
30.108769
30.109317
30.10984
30.110278
30.11059
30.110782
30.110879
30.110918
30.110949
30.111025
30.111169
30.111379
30.111634
30.111882
30.112085
30.112214
30.112248
30.112227
30.1122
30.112223
30.11237
30.112696
30.113239
30.113986
30.11489
30.115892
30.116947
30.117982
30.118962
30.119896
30.12081
30.12174
30.122716
30.123774
30.124906
30.12607
30.127213
30.128264
30.129149
30.129802
30.130194
30.130309
30.130159
30.129793
30.129254
30.128596
30.127845
30.127005
30.126081
30.125061
30.123938
30.122692
30.121327
30.119868
30.11837
30.11691
30.115583
30.114456
30.113593
30.113022
30.112718
30.112624
30.112674
30.112797
30.112902
30.112937
30.112885
30.112732
30.112488
30.112164
30.111767
30.11129
30.11071
30.109994
30.109085
30.107945
30.106549
30.10492
30.103116
30.101236
30.099377
30.097644
30.096134
30.094914
30.094013
30.093442
30.093189
30.093216
30.093473
30.093952
30.094623
30.095496
30.096572
30.097849
30.099337
30.101006
30.102827
30.104722
30.106597
30.108362
30.109934
30.111253
30.1123
30.113081
30.113643
30.114062
30.114398
30.114717
30.115069
30.115472
30.115906
30.116353
30.116783
30.11719
30.117571
30.117941
30.11833
30.118777
30.119329
30.120018
30.120831
30.121737
30.122677
30.123586
30.124363
30.124935
30.125268
30.125343
30.125184
30.124835
30.124349
30.12377
30.123133
30.122432
30.121627
30.120691
30.119571
30.118231
30.116665
30.114894
30.11297
30.110974
30.108985
30.107081
30.105319
30.103722
30.102284
30.101001
30.099827
30.098727
30.09769
30.096725
30.095852
30.095122
30.094586
30.094316
30.094324
30.094612
30.095159
30.09589
30.096727
30.09759
30.098384
30.099054
30.099581
30.099988
30.100311
30.1006
30.100873
30.101146
30.101414
30.101653
30.101812
30.101855
30.101756
30.101534
30.101241
30.100971
30.100812
30.100865
30.1012
30.101865
30.102853
30.104117
30.105596
30.107189
30.108815
30.110412
30.111933
30.113382
30.11476
30.116072
30.117322
30.118497
30.119572
30.120477
30.121126
30.121444
30.121364
30.120878
30.120006
30.118827
30.117424
30.115916
30.114399
30.11296
30.111649
30.110481
30.109448
30.108522
30.107645
30.10679
30.105953
30.105166
30.104451
30.103861
30.103413
30.103118
30.102963
30.102883
30.10279
30.102586
30.102194
30.101547
30.100632
30.099465
30.098097
30.096624
30.095123
30.093669
30.092318
30.091075
30.089925
30.088834
30.087761
30.08669
30.085644
30.084658
30.08381
30.083173
30.082834
30.082834
30.083196
30.083877
30.084838
30.08599
30.087261
30.088594
30.089961
30.091343
30.092756
30.094233
30.095813
30.097523
30.099366
30.101302
30.103267
30.105191
30.106989
30.108599
30.109978
30.111115
30.112026
30.112763
30.11337
30.113899
30.114393
30.114866
30.115297
30.115649
30.115882
30.115966
30.115883
30.115658
30.115347
30.115013
30.11474
30.114589
30.114587
30.114751
30.115037
30.115392
30.11572
30.11595
30.116014
30.115879
30.115526
30.11498
30.114266
30.113422
30.11248
30.111433
30.110259
30.108927
30.107399
30.105669
30.103735
30.101621
30.099399
30.097162
30.095017
30.093059
30.091375
30.090006
30.088978
30.088265
30.087825
30.087619
30.087596
30.087729
30.088013
30.08844
30.089001
30.089704
30.090534
30.09146
30.092437
30.093397
30.094252
30.09492
30.095344
30.095502
30.095403
30.095094
30.09465
30.094165
30.093715
30.09337
30.093166
30.093125
30.093228
30.093454
30.093769
30.094161
30.094639
30.095206
30.095899
30.09676
30.097816
30.099085
30.100523
30.102074
30.103659
30.105181
30.106569
30.107772
30.108754
30.109513
30.110067
30.110454
30.110724
30.110898
30.110996
30.110999
30.110876
30.110592
30.11012
30.109465
30.108631
30.107646
30.10655
30.105396
30.104257
30.103173
30.102172
30.101275
30.100458
30.099668
30.098863
30.098029
30.097139
30.096209
30.095269
30.094378
30.093578
30.09292
30.092417
30.092061
30.091826
30.09165
30.091472
30.091226
30.090862
30.090366
30.089744
30.08904
30.088327
30.087639
30.087003
30.086438
30.08594
30.085486
30.08504
30.084593
30.084138
30.083703
30.083347
30.083129
30.083126
30.083409
30.084025
30.08497
30.086211
30.087704
30.08937
30.091132
30.092909
30.094641
30.096281
30.097834
30.099304
30.100695
30.101996
30.103181
30.104218
30.105048
30.105615
30.105865
30.105781
30.105357
30.10465
30.103726
30.102676
30.101607
30.1006
30.099733
30.099044
30.098523
30.098158
30.097902
30.097718
30.097573
30.097462
30.09738
30.097355
30.097411
30.097561
30.09778
30.098045
30.098287
30.098419
30.09834
30.097981
30.097311
30.096332
30.095089
30.093655
30.092127
30.090577
30.089065
30.087631
30.08629
30.085013
30.083777
30.082549
30.081335
30.080159
30.079056
30.078086
30.077308
30.076781
30.076527
30.076556
30.076833
30.077293
30.077846
30.078422
30.078949
30.079411
30.079795
30.080129
30.08047
30.08088
30.081385
30.082005
30.082714
30.083459
30.084195
30.084857
30.085395
30.085791
30.086053
30.086226
30.08638
30.086586
30.08688
30.087288
30.087807
30.088417
30.089064
30.089691
30.090252
30.090752
30.091193
30.091633
30.092134
30.092773
30.093593
30.094601
30.095765
30.097002
30.098234
30.099363
30.100318
30.101033
30.10148
30.101659
30.101615
30.101403
30.10105
30.10058
30.099997
30.099272
30.098349
30.09719
30.095791
30.094154
30.092336
30.090405
30.088466
30.086634
30.084995
30.083627
30.082565
30.081794
30.081278
30.080967
30.0808
30.080713
30.080686
30.080706
30.08078
30.080944
30.081209
30.08158
30.082022
30.082492
30.082919
30.083215
30.083302
30.083156
30.082767
30.082185
30.081487
30.080787
30.080189
30.07977
30.079583
30.079648
30.079937
30.080406
30.081003
30.0817
30.082475
30.083345
30.084338
30.08549
30.086825
30.088339
30.090008
30.091775
30.093577
30.095312
30.096888
30.09822
30.099267
30.10004
30.100552
30.100855
30.100993
30.101037
30.101011
30.10093
30.100793
30.100581
30.100247
30.099774
30.099154
30.098402
30.097565
30.096701
30.095889
30.095186
30.094634
30.094228
30.09394
30.093714
30.093486
30.09321
30.09285
30.092382
30.091825
30.091231
30.090656
30.090144
30.089727
30.089409
30.089172
30.08895
30.088673
30.088273
30.087718
30.086988
30.086088
30.085063
30.083964
30.082853
30.081774
30.080761
30.079803
30.078891
30.077999
30.077106
30.076198
30.07528
30.074393
30.073603
30.072991
30.072616
30.072534
30.072782
30.073345
30.074188
30.07524
30.076411
30.077629
30.078836
30.080009
30.08113
30.082222
30.083285
30.084338
30.085376
30.086382
30.087304
30.088107
30.08875
30.089186
30.089404
30.089415
30.08927
30.089044
30.088833
30.088726
30.088805
30.089112
30.089656
30.090383
30.091252
30.092192
30.093145
30.094072
30.094956
30.095807
30.096631
30.097434
30.098203
30.098929
30.099554
30.100017
30.100242
30.100159
30.09972
30.098917
30.097783
30.096373
30.094766
30.093046
30.091296
30.089581
30.087946
30.08641
30.084965
30.083586
30.082253
30.080949
30.079713
30.078575
30.077588
30.076792
30.076227
30.075904
30.075823
30.075929
30.076155
30.076416
30.076644
30.076789
30.076832
30.076781
30.076676
30.076585
30.076561
30.076639
30.07683
30.077118
30.077457
30.077791
30.078079
30.078291
30.078404
30.078441
30.078454
30.078501
30.078662
30.078974
30.079449
30.08007
30.080807
30.081596
30.082374
30.083125
30.083839
30.084526
30.085214
30.085956
30.086812
30.087805
30.08895
30.090202
30.091491
30.092743
30.093886
30.094852
30.09559
30.096105
30.096404
30.096532
30.096528
30.096424
30.096246
30.095999
30.09567
30.095215
30.094605
30.093802
30.092819
30.091686
30.090464
30.089255
30.088135
30.087196
30.086486
30.085999
30.085728
30.085627
30.085605
30.085589
30.085508
30.085327
30.085057
30.084708
30.084306
30.083891
30.083457
30.082985
30.082422
30.081716
30.080811
30.07967
30.07827
30.076653
30.074888
30.073069
30.071301
30.069701
30.068351
30.06729
30.066526
30.066039
30.06579
30.065745
30.065856
30.066117
30.066522
30.067097
30.067876
30.068863
30.070074
30.07148
30.07302
30.07461
30.07615
30.077565
30.078783
30.079771
30.080529
30.081095
30.08152
30.081882
30.082241
30.082625
30.083036
30.08346
30.083865
30.084213
30.084473
30.084627
30.084697
30.084736
30.084787
30.084897
30.085104
30.085432
30.085844
30.086293
30.086708
30.087017
30.087168
30.087126
30.086886
30.086484
30.085967
30.085392
30.084805
30.084238
30.083699
30.083141
30.08251
30.08175
30.080822
30.079715
30.078429
30.076999
30.075492
30.07396
30.072479
30.071087
30.069793
30.068586
30.067452
30.066348
30.065254
30.064159
30.063086
30.062072
30.061177
30.060464
30.059992
30.059802
30.059881
30.060199
30.060709
30.061334
30.061998
30.062642
30.063221
30.063737
30.064195
30.064615
30.065034
30.065459
30.065896
30.066317
30.06668
30.066938
30.06704
30.06697
30.066735
30.066398
30.066026
30.065724
30.065588
30.065703
30.066094
30.066774
30.06771
30.068837
30.070102
30.071443
30.072811
30.074188
30.075558
30.076927
30.078319
30.079713
30.081096
30.082423
30.083642
30.084664
30.085426
30.085886
30.086019
30.08583
30.085367
30.084706
30.083927
30.083111
30.082338
30.081633
30.081013
30.08047
30.079963
30.079477
30.079001
30.078524
30.078075
30.077675
30.077374
30.07719
30.077134
30.077193
30.077339
30.077495
30.077583
30.077531
30.077286
30.07683
30.07617
30.075354
30.074455
30.07353
30.072642
30.071836
30.071111
30.070446
30.069806
30.069164
30.068499
30.067814
30.06713
30.066478
30.065937
30.065561
30.065407
30.065478
30.065771
30.066259
30.066886
30.067586
30.068309
30.069032
30.06974
30.070455
30.071231
30.072105
30.073123
30.074297
30.075599
30.076987
30.07839
30.079757
30.081013
30.082104
30.083011
30.08374
30.084318
30.084786
30.085196
30.085588
30.085975
30.086332
30.086623
30.086804
30.086846
30.086729
30.086458
30.086077
30.085655
30.085266
30.084997
30.084914
30.085044
30.085367
30.08583
30.086354
30.086876
30.087316
30.08763
30.087807
30.087858
30.087813
30.087696
30.087527
30.087305
30.086994
30.086571
30.085966
30.085131
30.084053
30.082726
30.081205
30.079553
30.077874
30.076281
30.074861
30.073673
30.072741
30.072058
30.071597
30.071314
30.071139
30.07103
30.070974
30.070996
30.07111
30.071345
30.071719
30.072225
30.072838
30.073483
30.074085
30.07457
30.074852
30.074883
30.074673
30.074247
30.073669
30.073023
30.072393
30.071859
30.071462
30.071232
30.071132
30.071134
30.071178
30.071252
30.071348
30.071476
30.071678
30.072002
30.072499
30.073205
30.074105
30.075151
30.076266
30.077374
30.078381
30.079236
30.079905
30.080382
30.080703
30.080916
30.081095
30.081281
30.081484
30.081696
30.081874
30.081971
30.081916
30.081676
30.081231
30.080588
30.079792
30.078914
30.07803
30.077195
30.076434
30.075746
30.075112
30.074496
30.073838
30.07311
30.072275
30.071342
30.070356
30.069386
30.068503
30.067776
30.067237
30.066904
30.066735
30.066677
30.066651
30.06658
30.066406
30.066105
30.065679
30.065168
30.064639
30.064125
30.06367
30.06327
30.062885
30.062484
30.062029
30.061471
30.060795
30.060027
30.059224
30.058483
30.057894
30.05752
30.057423
30.057645
30.058156
30.05891
30.059848
30.060889
30.061966
30.063028
30.064057
30.065036
30.065992
30.066944
30.067889
30.068826
30.0697
30.070472
30.071061
30.071411
30.071467
30.071226
30.070715
30.069992
30.069141
30.068267
30.067463
30.066785
30.066269
30.065905
30.065664
30.065523
30.065425
30.065344
30.065277
30.065259
30.065313
30.065455
30.065714
30.06609
30.066548
30.067022
30.067445
30.067731
30.06782
30.067652
30.067221
30.066567
30.065757
30.064848
30.063919
30.06303
30.062209
30.061459
30.06076
30.060082
30.059398
30.058673
30.057933
30.057198
30.056518
30.055948
30.055527
30.055299
30.055274
30.055422
30.055698
30.056046
30.056407
30.056752
30.057042
30.057283
30.057518
30.057777
30.05812
30.058571
30.059147
30.059841
30.060607
30.061395
30.062145
30.062816
30.063376
30.063822
30.064172
30.064476
30.064791
30.065161
30.065599
30.066097
30.066628
30.067156
30.067635
30.06803
30.068317
30.068517
30.068663
30.068819
30.069048
30.069416
30.069952
30.070655
30.071487
30.072381
30.073267
30.074074
30.074751
30.075261
30.075598
30.075761
30.075788
30.075695
30.075494
30.075199
30.074787
30.074224
30.073471
30.072503
30.071307
30.06991
30.068375
30.066769
30.065181
30.063695
30.062388
30.061301
30.060456
30.059831
30.059388
30.059074
30.058848
30.058676
30.058548
30.058475
30.058462
30.05853
30.058694
30.058926
30.059205
30.059478
30.05967
30.059709
30.059542
30.059153
30.058569
30.057832
30.057031
30.056253
30.055579
30.055069
30.054767
30.054662
30.054728
30.054939
30.055256
30.055646
30.0561
30.056627
30.05727
30.058055
30.059019
30.060149
30.061417
30.062777
30.064142
30.065446
30.06662
30.067618
30.068425
30.069034
30.069496
30.069873
30.070211
30.070548
30.070894
30.071256
30.071588
30.071854
30.072012
30.072048
30.071957
30.071754
30.071469
30.071165
30.070906
30.070722
30.070633
30.070619
30.070645
30.070665
30.07061
30.070428
30.070119
30.069686
30.069169
30.068633
30.068149
30.067768
30.067508
30.067364
30.067293
30.067226
30.067093
30.066843
30.066439
30.065893
30.065216
30.064454
30.063663
30.062884
30.06215
30.061449
30.060771
30.06009
30.059352
30.058534
30.057638
30.056703
30.055796
30.054998
30.054409
30.054077
30.054054
30.054354
30.054944
30.05576
30.056727
30.057771
30.058849
30.059913
30.060958
30.062002
30.063074
30.064179
30.065319
30.066496
30.067657
30.068745
30.069683
30.070433
30.070954
30.071255
30.071382
30.071409
30.071413
30.071487
30.071683
30.072055
30.072605
30.073314
30.074108
30.07495
30.075792
30.076598
30.077358
30.078102
30.078852
30.079625
30.080434
30.081252
30.082023
30.082689
30.083154
30.083352
30.083237
30.082782
30.082026
30.081024
30.079857
30.078609
30.077346
30.076116
30.074938
30.07381
30.07269
30.071568
30.070415
30.069212
30.06798
30.066754
30.065595
30.064565
30.063709
30.063039
30.062542
30.062188
30.061914
30.061638
30.061295
30.060856
30.060302
30.059656
30.058971
30.058307
30.057727
30.057276
30.056951
30.056746
30.056601
30.056452
30.056251
30.05598
30.055626
30.055218
30.054812
30.054453
30.05419
30.054058
30.054064
30.054191
30.054391
30.054623
30.054822
30.054956
30.055038
30.055096
30.05517
30.055325
30.055625
30.056118
30.056815
30.057687
30.058672
30.059704
30.060712
30.061628
30.0624
30.063011
30.063469
30.063818
30.064094
30.064309
30.064472
30.064576
30.064578
30.064452
30.064142
30.063631
30.062924
30.062033
30.061022
30.059977
30.058983
30.05812
30.057446
30.056965
30.056659
30.056493
30.056401
30.056332
30.056229
30.056068
30.055849
30.05559
30.055325
30.055078
30.054869
30.054674
30.054443
30.054119
30.053626
30.05291
30.051953
30.050764
30.049409
30.047957
30.046518
30.045173
30.044017
30.043082
30.04239
30.041914
30.041613
30.041451
30.041398
30.041447
30.041589
30.041851
30.04227
30.042867
30.043658
30.04463
30.045735
30.046917
30.048096
30.049193
30.050151
30.050929
30.051519
30.05197
30.052324
30.052648
30.052996
30.053407
30.053892
30.054439
30.055022
30.055583
30.056081
30.056483
30.056788
30.057028
30.05725
30.057506
30.057852
30.058312
30.058883
30.059525
30.060172
30.060755
30.061225
30.061527
30.06166
30.061662
30.061565
30.061448
30.061353
30.06133
30.061397
30.061531
30.061695
30.061826
30.061858
30.061744
30.061451
30.060994
30.060406
30.059748
30.059071
30.058428
30.057826
30.057268
30.056739
30.05619
30.055586
30.054901
30.054134
30.053323
30.052513
30.051776
30.051179
30.050792
30.050642
30.050727
30.051007
30.051428
30.051912
30.052397
30.05282
30.053151
30.053404
30.053611
30.053814
30.054043
30.054306
30.054588
30.05486
30.055067
30.055148
30.055081
30.054831
30.054431
30.053944
30.053454
30.053061
30.052839
30.052856
30.053142
30.053679
30.054429
30.055342
30.056339
30.05738
30.058429
30.059479
30.060542
30.061644
30.062785
30.063967
30.06517
30.066345
30.067438
30.068355
30.069032
30.069441
30.069566
30.06944
30.069107
30.068643
30.068143
30.067661
30.067257
30.066938
30.066692
30.06647
30.066237
30.065948
30.065604
30.065211
30.064805
30.064451
30.064181
30.064032
30.064014
30.064096
30.064216
30.06431
30.064311
30.064155
30.063794
30.063233
30.062498
30.061666
30.060812
30.059998
30.059266
30.05863
30.058064
30.057546
30.057023
30.056456
30.055814
30.055112
30.054381
30.053662
30.05302
30.052504
30.052147
30.051955
30.051892
30.05191
30.051954
30.051982
30.051961
30.051905
30.051822
30.051775
30.051825
30.052018
30.052387
30.052932
30.053635
30.054424
30.055243
30.056014
30.056695
30.057259
30.057686
30.058
30.058238
30.058449
30.058652
30.058862
30.059073
30.059245
30.05933
30.059278
30.059069
30.058694
30.058183
30.057599
30.057025
30.056541
30.056208
30.056065
30.056107
30.056286
30.056549
30.056833
30.057075
30.057227
30.05729
30.057265
30.057176
30.057056
30.056917
30.056747
30.056524
30.056195
30.055704
30.055014
30.054083
30.052902
30.051504
30.049957
30.048347
30.046761
30.045282
30.043969
30.042865
30.04196
30.041245
30.040672
30.040201
30.039801
30.039464
30.039199
30.039031
30.038992
30.039104
30.039365
30.039749
30.040218
30.040707
30.041146
30.041467
30.04164
30.041643
30.0415
30.041267
30.041005
30.040782
30.040662
30.040676
30.040826
30.041095
30.041446
30.041836
30.042245
30.042661
30.043106
30.043601
30.044191
30.044911
30.045784
30.046807
30.047955
30.049173
30.050381
30.051503
30.052498
30.05334
30.05403
30.054589
30.055072
30.055539
30.056019
30.056532
30.057078
30.057618
30.058107
30.058494
30.058741
30.058824
30.058746
30.05853
30.058214
30.057847
30.057467
30.057104
30.05676
30.056423
30.056061
30.055637
30.055123
30.054498
30.053768
30.052976
30.05217
30.051426
30.050815
30.050372
30.050118
30.050049
30.050103
30.050233
30.050364
30.050441
30.050438
30.050377
30.050272
30.050154
30.050063
30.050013
30.050013
30.050033
30.050033
30.049964
30.049792
30.049493
30.049069
30.04856
30.048033
30.047574
30.047265
30.047183
30.047362
30.047787
30.048444
30.049278
30.050228
30.051227
30.052224
30.053197
30.054148
30.055078
30.056024
30.056998
30.057987
30.058967
30.059882
30.060657
30.061239
30.061573
30.061642
30.061455
30.061043
30.060488
30.059871
30.059274
30.058776
30.058399
30.05814
30.057976
30.057871
30.057776
30.057658
30.057505
30.057348
30.057209
30.057121
30.057128
30.057241
30.057449
30.057708
30.057946
30.058076
30.058032
30.057752
30.057229
30.056498
30.055609
30.054618
30.053609
30.052643
30.051766
30.050977
30.050254
30.049562
30.048857
30.048086
30.047248
30.046377
30.045519
30.044724
30.044048
30.043531
30.043179
30.042979
30.042899
30.042893
30.042892
30.04284
30.042734
30.042572
30.042389
30.042246
30.042208
30.04232
30.042613
30.043091
30.043716
30.04442
30.045133
30.045785
30.046341
30.046793
30.047158
30.047482
30.047805
30.048189
30.048646
30.049167
30.049723
30.050259
30.050715
30.051031
30.051196
30.05121
30.051126
30.051022
30.050958
30.051014
30.051248
30.051664
30.052245
30.052936
30.053662
30.054362
30.054974
30.055453
30.055803
30.05603
30.056176
30.056274
30.056335
30.056366
30.056321
30.056166
30.055844
30.055296
30.054501
30.053467
30.052239
30.050891
30.049535
30.048274
30.047166
30.046268
30.045585
30.045098
30.04477
30.044553
30.044389
30.044251
30.044137
30.04406
30.044049
30.044123
30.044313
30.044621
30.045013
30.045423
30.045786
30.046017
30.046055
30.045875
30.045481
30.044934
30.0443
30.043668
30.043121
30.042722
30.042496
30.042424
30.042488
30.042636
30.042827
30.043029
30.043252
30.043521
30.043872
30.044347
30.044977
30.045763
30.046684
30.047706
30.048763
30.04977
30.050665
30.051401
30.051967
30.052371
30.052663
30.052898
30.053138
30.053428
30.053786
30.054204
30.054659
30.055096
30.055457
30.055683
30.055765
30.055702
30.055529
30.055313
30.055104
30.05494
30.05485
30.054816
30.054792
30.054739
30.054597
30.054319
30.053891
30.053342
30.052714
30.052056
30.051444
30.050933
30.050563
30.050325
30.050193
30.050108
30.050027
30.04988
30.049632
30.04928
30.04882
30.04829
30.047734
30.047191
30.046685
30.04622
30.045779
30.045294
30.044735
30.044062
30.043264
30.042372
30.041428
30.04052
30.039728
30.03913
30.038781
30.038698
30.038872
30.039255
30.039787
30.04042
30.041082
30.041749
30.042406
30.043059
30.043728
30.044431
30.045178
30.045943
30.046704
30.047409
30.048005
30.048433
30.048654
30.048661
30.04847
30.048151
30.047777
30.04744
30.047209
30.047116
30.047183
30.047405
30.047756
30.048181
30.048635
30.049082
30.049497
30.049895
30.050308
30.050776
30.051309
30.051898
30.052498
30.053058
30.053524
30.053818
30.053888
30.0537
30.053265
30.052602
30.05178
30.050874
30.049959
30.049093
30.0483
30.047582
30.046918
30.046275
30.045609
30.044887
30.044123
30.043325
30.042537
30.041809
30.041179
30.040671
30.040303
30.040032
30.039822
30.039611
30.039333
30.03894
30.038434
30.037817
30.037149
30.036492
30.035892
30.035402
30.03506
30.034854
30.034739
30.034677
30.034605
30.034474
30.034265
30.034002
30.033705
30.033423
30.033211
30.03311
30.033132
30.033262
30.033472
30.033704
30.03391
30.034041
30.034093
30.034085
30.034067
30.034094
30.034224
30.034537
30.035051
30.035776
30.036662
30.037652
30.03868
30.039661
30.04055
30.041332
30.041997
30.042559
30.043065
30.043536
30.043987
30.044412
30.044774
30.045026
30.04512
30.045021
30.044708
30.044203
30.043548
30.042811
30.04208
30.041441
30.040957
30.040653
30.040528
30.040541
30.040641
30.040787
30.040912
30.040984
30.041012
30.041026
30.041045
30.041103
30.041225
30.041393
30.041556
30.041659
30.041644
30.041452
30.041042
30.040388
30.039528
30.038531
30.037488
30.036486
30.035608
30.034913
30.034409
30.034077
30.033884
30.0338
30.033783
30.033817
30.033889
30.034024
30.034256
30.034627
30.035165
30.035871
30.036706
30.03762
30.038539
30.039405
30.040143
30.04073
30.041156
30.04145
30.041672
30.041888
30.042147
30.042503
30.042978
30.04355
30.044165
30.044764
30.045303
30.045747
30.046112
30.046424
30.046726
30.047048
30.047449
30.047953
30.048541
30.049199
30.049858
30.05047
30.050961
30.051297
30.051472
30.051505
30.051446
30.051372
30.051323
30.051347
30.051461
30.051659
30.051897
30.052109
30.052242
30.052244
30.052092
30.051792
30.051387
30.050911
30.050409
30.049916
30.049424
30.048926
30.048399
30.047791
30.047066
30.046196
30.045185
30.044071
30.042921
30.041804
30.040809
30.040016
30.039445
30.03911
30.038978
30.038985
30.03908
30.039205
30.039313
30.039373
30.039393
30.039401
30.039434
30.039522
30.039684
30.039898
30.040112
30.040268
30.040307
30.040186
30.039893
30.039441
30.038896
30.038329
30.037809
30.037425
30.037224
30.037235
30.037442
30.037811
30.038295
30.038855
30.039442
30.040037
30.040642
30.041277
30.041955
30.042704
30.043525
30.0444
30.045278
30.046088
30.046756
30.047214
30.047432
30.047394
30.047126
30.046691
30.046156
30.045592
30.045072
30.044632
30.04428
30.044002
30.043751
30.043492
30.043197
30.042846
30.042443
30.042027
30.041627
30.041303
30.041094
30.041014
30.041033
30.041109
30.041174
30.041159
30.041012
30.040699
30.040214
30.03961
30.038946
30.038286
30.037681
30.037182
30.036792
30.036513
30.036287
30.036072
30.035817
30.035485
30.035084
30.03464
30.034191
30.0338
30.033515
30.03337
30.033352
30.033447
30.03361
30.033784
30.033928
30.033993
30.033979
30.033923
30.03389
30.033944
30.034153
30.034543
30.035133
30.035896
30.036792
30.037768
30.038748
30.039673
30.040502
30.041222
30.04186
30.04244
30.043015
30.043609
30.044223
30.044854
30.04545
30.045953
30.046304
30.046479
30.046465
30.046288
30.045994
30.045669
30.045381
30.045215
30.045217
30.045397
30.045727
30.046146
30.046604
30.047048
30.047435
30.047735
30.047963
30.048132
30.048268
30.048395
30.04853
30.048668
30.048752
30.048723
30.048521
30.048086
30.047398
30.046479
30.04537
30.044161
30.042937
30.041782
30.040757
30.039925
30.039275
30.038795
30.038437
30.038144
30.03789
30.037635
30.037386
30.037181
30.037068
30.037079
30.03722
30.037491
30.037854
30.038262
30.038642
30.038921
30.039049
30.038987
30.038748
30.038381
30.037959
30.037558
30.037252
30.037078
30.037043
30.037114
30.037247
30.037405
30.037545
30.037631
30.037676
30.037706
30.037776
30.037945
30.03824
30.038675
30.039224
30.039848
30.04048
30.04105
30.041491
30.041771
30.041888
30.041878
30.04179
30.041698
30.041657
30.04171
30.041866
30.042116
30.042413
30.042687
30.042884
30.042948
30.042875
30.042664
30.042354
30.041992
30.041618
30.041277
30.040987
30.040724
30.040452
30.040109
30.03965
30.039043
30.038301
30.037457
30.036571
30.035725
30.035001
30.034454
30.034106
30.033953
30.033951
30.034045
30.034158
30.03423
30.034233
30.034168
30.034051
30.033915
30.033804
30.033731
30.033707
30.033719
30.033725
30.033672
30.033505
30.033168
30.032675
30.032038
30.031324
30.030621
30.030013
30.029576
30.029369
30.02941
30.029674
30.030118
30.030689
30.031326
30.031981
30.032635
30.033292
30.033971
30.034705
30.035499
30.036356
30.03726
30.038161
30.038988
30.039669
30.040154
30.040409
30.040432
30.040278
30.040011
30.039699
30.039431
30.039255
30.039205
30.039287
30.039467
30.039718
30.039981
30.040231
30.040429
30.040602
30.040769
30.04098
30.041274
30.041676
30.042169
30.04272
30.043267
30.043746
30.044093
30.044244
30.044191
30.04393
30.043518
30.043019
30.042517
30.04206
30.041681
30.041389
30.041168
30.040971
30.040761
30.040494
30.040154
30.039767
30.039352
30.038942
30.038582
30.038319
30.038172
30.038132
30.038159
30.038198
30.038195
30.038106
30.037919
30.037645
30.03731
30.036989
30.036722
30.036571
30.036583
30.03677
30.037103
30.037541
30.038012
30.038462
30.038835
30.039123
30.039322
30.039467
30.039603
30.039764
30.039959
30.040192
30.040449
30.040701
30.040891
30.040976
30.04091
30.040713
30.040422
30.0401
30.039815
30.039635
30.039609
30.039771
30.040124
30.040632
30.041228
30.041861
30.042471
30.043017
30.0435
30.043927
30.044317
30.04469
30.045076
30.045445
30.045777
30.046019
30.046119
30.046037
30.045731
30.045193
30.044454
30.043563
30.042594
30.041639
30.04077
30.040056
30.039509
30.03912
30.038859
30.038666
30.038493
30.038321
30.03812
30.0379
30.037689
30.037524
30.037451
30.037467
30.037567
30.037693
30.037785
30.037777
30.037606
30.037245
30.036677
30.035948
30.035112
30.03425
30.033457
30.032787
30.032261
30.03189
30.031645
30.031484
30.031372
30.031283
30.031195
30.031127
30.031129
30.031237
30.031476
30.031878
30.032431
30.033104
30.033834
30.034557
30.035206
30.035713
30.036066
30.036277
30.036394
30.036472
30.03657
30.036753
30.037049
30.037441
30.037916
30.038406
30.038863
30.039231
30.039471
30.039592
30.039618
30.03959
30.03954
30.039509
30.039528
30.039585
30.039651
30.039671
30.039602
30.039397
30.039023
30.038493
30.037858
30.037193
30.036571
30.03605
30.035669
30.035438
30.035326
30.035307
30.035305
30.035264
30.035142
30.034908
30.034577
30.034179
30.033757
30.033345
30.032966
30.03262
30.032291
30.031928
30.03146
30.030852
30.030081
30.029151
30.028121
30.027056
30.026041
30.025175
30.02451
30.024102
30.023931
30.023964
30.024148
30.024427
30.024752
30.025089
30.025427
30.025776
30.02616
30.026616
30.02715
30.027768
30.028435
30.029089
30.029667
30.030085
30.03032
30.030359
30.030213
30.029947
30.029632
30.029339
30.029157
30.029135
30.029303
30.029631
30.030072
30.030571
30.031086
30.031583
30.032056
30.032518
30.033014
30.033578
30.034233
30.034977
30.035791
30.036622
30.037394
30.038034
30.038471
30.038676
30.038645
30.038403
30.038023
30.037581
30.037139
30.036759
30.036469
30.036271
30.036131
30.036019
30.035879
30.035668
30.035372
30.035001
30.034617
30.034266
30.034002
30.033843
30.033804
30.033856
30.033941
30.034014
30.034006
30.033884
30.033624
30.03325
30.032814
30.032394
30.032048
30.031836
30.031783
30.031888
30.03211
30.032397
30.032676
30.032906
30.033059
30.033133
30.033145
30.033145
30.033189
30.0333
30.033512
30.033815
30.034161
30.034497
30.034748
30.034876
30.034873
30.034752
30.034581
30.03441
30.034331
30.034394
30.034652
30.035103
30.035745
30.036517
30.037334
30.038133
30.038865
30.039512
30.040081
30.040577
30.041043
30.041492
30.041937
30.042369
30.042763
30.043068
30.043209
30.043136
30.042832
30.042288
30.041558
30.040702
30.039823
30.038999
30.038305
30.037778
30.037425
30.037211
30.03709
30.03699
30.036872
30.036708
30.036495
30.03625
30.036004
30.035797
30.03566
30.035597
30.035556
30.035497
30.035339
30.03502
30.034498
30.033747
30.032786
30.031669
30.030476
30.029288
30.028183
30.027218
30.026415
30.025772
30.025263
30.024833
30.024455
30.024088
30.023739
30.023411
30.023141
30.022974
30.022942
30.023066
30.023322
30.023673
30.024054
30.024395
30.024646
30.024752
30.024694
30.024513
30.024259
30.023992
30.023791
30.023714
30.023769
30.023958
30.024244
30.024562
30.024879
30.025137
30.025326
30.02544
30.025514
30.02559
30.025718
30.025937
30.026255
30.026657
30.027098
30.027505
30.027825
30.028018
30.028059
30.027965
30.027789
30.02759
30.027431
30.027376
30.027471
30.027695
30.028031
30.028408
30.028772
30.029067
30.029248
30.029306
30.02925
30.029126
30.028973
30.028817
30.028681
30.028562
30.028442
30.028271
30.027995
30.027574
30.026983
30.026258
30.025449
30.024628
30.023869
30.023263
30.022856
30.022698
30.022766
30.023022
30.023415
30.023868
30.024321
30.024729
30.025111
30.025482
30.025873
30.026322
30.02684
30.027418
30.028009
30.028563
30.029023
30.029349
30.029496
30.02945
30.029243
30.028935
30.028628
30.028398
30.028304
30.028383
30.028647
30.029078
30.029627
30.030254
30.030907
30.031549
30.032168
30.032773
30.033407
30.034101
30.034879
30.035738
30.036639
30.037516
30.038304
30.038936
30.039365
30.03956
30.039538
30.039335
30.039017
30.038653
30.038334
30.038108
30.037993
30.037965
30.038003
30.038038
30.038035
30.037967
30.037834
30.037655
30.037463
30.0373
30.037215
30.037228
30.037331
30.0375
30.037681
30.037796
30.037788
30.037617
30.03729
30.036836
30.036294
30.035735
30.035226
30.03482
30.034536
30.034369
30.034276
30.034207
30.034104
30.033926
30.033658
30.033312
30.032931
30.032567
30.032261
30.032039
30.031921
30.031885
30.031895
30.031904
30.031858
30.03172
30.03148
30.031168
30.030843
30.030568
30.030426
30.030458
30.030709
30.031173
30.031806
30.032553
30.033352
30.034138
30.034861
30.03552
30.036117
30.036669
30.037212
30.037788
30.038394
30.039008
30.039599
30.040122
30.040513
30.040724
30.040742
30.040594
30.040325
30.040005
30.039706
30.0395
30.03944
30.039544
30.039788
30.040133
30.040529
30.040919
30.041262
30.041543
30.041754
30.041924
30.042077
30.042249
30.042449
30.042666
30.042856
30.04295
30.042883
30.042605
30.042087
30.041328
30.040368
30.039276
30.038127
30.037013
30.036002
30.035128
30.034395
30.033785
30.033263
30.032804
30.032366
30.031937
30.031524
30.031132
30.0308
30.030557
30.030439
30.030436
30.030537
30.030681
30.030783
30.030781
30.030629
30.030315
30.029849
30.029279
30.02866
30.02807
30.027551
30.02715
30.026882
30.026722
30.026629
30.026554
30.026441
30.026267
30.02605
30.025806
30.0256
30.025462
30.025431
30.025535
30.025757
30.026064
30.026392
30.026676
30.026869
30.026934
30.026867
30.0267
30.026497
30.026324
30.02623
30.026251
30.026411
30.026691
30.027039
30.027411
30.027742
30.027981
30.02811
30.028117
30.028032
30.027896
30.02776
30.027645
30.027566
30.027498
30.027387
30.027193
30.026871
30.026388
30.025741
30.024966
30.024112
30.02327
30.022508
30.021894
30.021459
30.021205
30.02111
30.021104
30.02113
30.021127
30.021048
30.020898
30.020678
30.020427
30.020195
30.02
30.019854
30.019748
30.019641
30.019464
30.019169
30.018719
30.018092
30.017309
30.016444
30.01557
30.014762
30.01411
30.013661
30.013447
30.013468
30.013684
30.014043
30.014486
30.014982
30.015507
30.016078
30.016706
30.017416
30.018225
30.019144
30.020144
30.021182
30.022209
30.023152
30.02394
30.024522
30.024899
30.025097
30.02517
30.025201
30.025251
30.025403
30.025682
30.026104
30.026641
30.027237
30.02783
30.028388
30.02889
30.02934
30.029756
30.030191
30.030683
30.03126
30.031924
30.032657
30.03339
30.034072
30.03463
30.035011
30.035197
30.035177
30.035002
30.034731
30.034446
30.03421
30.034051
30.033989
30.034002
30.034037
30.034052
30.033999
30.03386
30.033624
30.033303
30.032941
30.032592
30.032313
30.032128
30.032037
30.032001
30.031973
30.031881
30.031689
30.031356
30.030888
30.030311
30.029698
30.029126
30.028667
30.028374
30.028267
30.028321
30.028495
30.028739
30.028978
30.029156
30.029246
30.029252
30.029194
30.029123
30.029079
30.029092
30.029184
30.029332
30.029485
30.029586
30.029574
30.029425
30.029139
30.028738
30.028277
30.027851
30.027532
30.027388
30.027468
30.02777
30.02825
30.028855
30.029523
30.030189
30.030804
30.031366
30.031875
30.032368
30.032874
30.033395
30.033934
30.034474
30.034986
30.035394
30.035627
30.035633
30.035381
30.034884
30.034195
30.033395
30.032579
30.031824
30.031202
30.030746
30.030463
30.030317
30.03026
30.030219
30.030156
30.030043
30.029894
30.029739
30.029635
30.029626
30.029724
30.029917
30.030162
30.030406
30.030589
30.030635
30.030506
30.030194
30.029733
30.029168
30.028591
30.02807
30.027673
30.027433
30.027351
30.027409
30.027554
30.027744
30.027947
30.028137
30.028313
30.028493
30.028723
30.029058
30.029535
30.030143
30.030874
30.031662
30.032443
30.033129
30.033676
30.034069
30.034321
30.034458
30.034542
30.034636
30.034805
30.035081
30.035485
30.035994
30.036553
30.037086
30.037534
30.037872
30.038085
30.03818
30.038201
30.038183
30.038172
30.038183
30.038229
30.038282
30.038304
30.03825
30.038068
30.037724
30.037229
30.036613
30.035954
30.03533
30.034799
30.034421
30.034221
30.034176
30.034251
30.034398
30.034542
30.034629
30.034635
30.034545
30.034401
30.034238
30.03408
30.033949
30.033857
30.03378
30.033682
30.033498
30.033183
30.032706
30.032063
30.031274
30.03041
30.029542
30.028762
30.028137
30.027712
30.027502
30.027477
30.02761
30.027843
30.028111
30.028382
30.028632
30.028878
30.02915
30.029472
30.029859
30.030322
30.030832
30.03135
30.031808
30.032142
30.032302
30.032257
30.032005
30.031602
30.03111
30.030616
30.0302
30.029906
30.029764
30.029758
30.029855
30.03001
30.030189
30.030346
30.030465
30.030554
30.030634
30.03076
30.030952
30.031225
30.03159
30.031997
30.032393
30.0327
30.032864
30.032845
30.032617
30.0322
30.03165
30.031028
30.030419
30.029869
30.029409
30.029047
30.028767
30.02852
30.028268
30.027966
30.027597
30.027185
30.02675
30.026325
30.025952
30.025663
30.025477
30.025393
30.02537
30.02534
30.025254
30.025073
30.024773
30.024371
30.023918
30.023472
30.023112
30.022877
30.022813
30.022933
30.023207
30.023592
30.024017
30.024429
30.024784
30.025056
30.025256
30.025417
30.025596
30.025821
30.02611
30.026459
30.026846
30.027218
30.027535
30.027733
30.027801
30.027734
30.027566
30.02736
30.0272
30.02715
30.027254
30.027526
30.027971
30.028555
30.029214
30.029899
30.030551
30.031129
30.031604
30.032006
30.032363
30.032712
30.033065
30.033414
30.033734
30.033972
30.034072
30.033977
30.033667
30.033129
30.032396
30.031532
30.030604
30.029702
30.028892
30.028223
30.027711
30.027346
30.027085
30.026872
30.026647
30.026384
30.02608
30.025751
30.025429
30.025154
30.024956
30.024838
30.024767
30.024697
30.024559
30.024284
30.023825
30.023165
30.022315
30.021322
30.020242
30.019157
30.018144
30.017261
30.016532
30.015953
30.015501
30.01512
30.014766
30.014405
30.014047
30.0137
30.01342
30.013234
30.013193
30.013316
30.013578
30.013939
30.01435
30.014737
30.015044
30.015249
30.015336
30.015315
30.015247
30.015198
30.015217
30.015376
30.015707
30.016196
30.016795
30.017464
30.018135
30.018757
30.019295
30.019755
30.020165
30.020579
30.021041
30.021582
30.022205
30.022894
30.023601
30.02427
30.024843
30.025277
30.025543
30.025659
30.025676
30.025653
30.025652
30.025739
30.025961
30.026298
30.026732
30.027195
30.027634
30.027993
30.028247
30.028382
30.028423
30.028391
30.028341
30.028296
30.028272
30.028266
30.028255
30.028171
30.027963
30.027594
30.027043
30.026329
30.025491
30.024612
30.023793
30.023107
30.022625
30.02238
30.022354
30.022513
30.022791
30.023136
30.023488
30.023837
30.024177
30.02452
30.024893
30.025333
30.025867
30.026477
30.027132
30.027789
30.028362
30.028805
30.029071
30.029143
30.029049
30.028849
30.028643
30.028508
30.0285
30.028658
30.028993
30.029488
30.030094
30.030753
30.031421
30.032061
30.032668
30.03327
30.033891
30.034582
30.035364
30.036233
30.037148
30.038061
30.038915
30.039637
30.040154
30.040433
30.040473
30.040314
30.040025
30.039696
30.039397
30.039163
30.039019
30.038963
30.038958
30.038956
30.038905
30.038763
30.038522
30.038193
30.037822
30.037462
30.037155
30.036929
30.036788
30.036697
30.036592
30.036391
30.036052
30.035528
30.034822
30.033959
30.032996
30.032014
30.031092
30.030289
30.029629
30.02911
30.028692
30.028324
30.02795
30.02751
30.026993
30.026395
30.025748
30.025097
30.024492
30.023971
30.02356
30.023242
30.022983
30.022723
30.022414
30.022006
30.021495
30.020884
30.020226
30.019602
30.019087
30.018755
30.018638
30.018758
30.019072
30.019545
30.020109
30.020695
30.021249
30.021749
30.022197
30.02263
30.023079
30.023563
30.0241
30.024664
30.025219
30.025719
30.026096
30.026301
30.026319
30.026141
30.025801
30.025381
30.024962
30.024643
30.024475
30.024479
30.024648
30.024957
30.025347
30.025754
30.026113
30.02641
30.026635
30.026818
30.026983
30.027184
30.027443
30.027739
30.028057
30.028333
30.028499
30.02849
30.028279
30.027832
30.02718
30.026369
30.025474
30.024588
30.023781
30.023122
30.022626
30.022264
30.022012
30.021813
30.021624
30.021412
30.021169
30.020908
30.020675
30.020503
30.020434
30.020479
30.020629
30.020836
30.021029
30.021137
30.021109
30.020906
30.02054
30.020043
30.019473
30.018914
30.018429
30.018081
30.017897
30.017859
30.017916
30.018025
30.018119
30.018164
30.018153
30.0181
30.018034
30.018013
30.018078
30.01826
30.018563
30.01895
30.019374
30.019765
30.020068
30.020229
30.020242
30.020144
30.01998
30.019805
30.019698
30.019713
30.019873
30.020176
30.020598
30.021065
30.02152
30.021922
30.022239
30.022449
30.022573
30.022648
30.022718
30.022818
30.022957
30.023122
30.023285
30.023391
30.02338
30.02321
30.022854
30.022347
30.021737
30.021097
30.020501
30.020041
30.019763
30.019666
30.019743
30.01995
30.020233
30.020533
30.020786
30.02098
30.021107
30.021217
30.021345
30.02152
30.021762
30.022049
30.022347
30.02261
30.022772
30.022782
30.022624
30.02229
30.021812
30.021271
30.020746
30.020317
30.020039
30.019935
30.020019
30.02026
30.020597
30.021
30.021427
30.021844
30.022244
30.022658
30.023109
30.023629
30.024245
30.024936
30.025686
30.02643
30.027099
30.027609
30.027916
30.02801
30.027905
30.027652
30.027327
30.027007
30.026752
30.026621
30.026641
30.026792
30.027021
30.027269
30.027491
30.027671
30.027797
30.027897
30.02801
30.028184
30.028435
30.028774
30.029189
30.029654
30.03011
30.030496
30.030752
30.030849
30.030788
30.03061
30.030382
30.030155
30.029989
30.029924
30.02999
30.030171
30.030437
30.030724
30.030987
30.031191
30.031326
30.03139
30.031434
30.031496
30.031606
30.031802
30.032078
30.032389
30.032704
30.03296
30.033115
30.033118
30.032972
30.032697
30.032349
30.031988
30.031696
30.031533
30.031524
30.031668
30.031924
30.032242
30.032547
30.0328
30.032972
30.033045
30.033041
30.032979
30.032908
30.032851
30.032823
30.0328
30.032745
30.032616
30.032345
30.031902
30.031286
30.030516
30.029648
30.02876
30.027929
30.02723
30.0267
30.026362
30.026195
30.026144
30.026164
30.026202
30.026219
30.026201
30.026156
30.026111
30.026101
30.026136
30.026239
30.026392
30.026544
30.026638
30.026617
30.02642
30.026025
30.025418
30.024645
30.023782
30.022905
30.02209
30.02141
30.020882
30.020518
30.020303
30.020188
30.020134
30.020093
30.020044
30.01999
30.01997
30.02001
30.020148
30.020392
30.020747
30.021177
30.02162
30.02201
30.022299
30.022416
30.022365
30.02217
30.021871
30.021551
30.021277
30.021113
30.02109
30.021208
30.021449
30.02176
30.0221
30.022418
30.022679
30.022889
30.023074
30.023289
30.023574
30.02396
30.024448
30.025037
30.025673
30.026295
30.02684
30.027244
30.027479
30.027545
30.027483
30.027359
30.027244
30.027191
30.027257
30.027447
30.027744
30.028116
30.0285
30.028834
30.029085
30.029234
30.029302
30.029307
30.029299
30.029317
30.029389
30.029519
30.029671
30.029784
30.029795
30.029658
30.029341
30.02886
30.028247
30.027566
30.026883
30.026285
30.025834
30.025558
30.025456
30.025489
30.025587
30.025697
30.025761
30.025755
30.025676
30.025546
30.025396
30.025269
30.025199
30.025191
30.025212
30.02522
30.025164
30.024974
30.024616
30.024068
30.023353
30.022527
30.021671
30.020864
30.020182
30.019681
30.019381
30.019275
30.019319
30.019475
30.019677
30.019875
30.020066
30.020264
30.020498
30.020808
30.02122
30.021737
30.022338
30.022973
30.023584
30.024093
30.024442
30.024593
30.024536
30.024307
30.023987
30.023657
30.023398
30.02327
30.023295
30.023472
30.023759
30.024107
30.024475
30.024815
30.025091
30.025312
30.025504
30.025723
30.02601
30.026378
30.026833
30.027345
30.027854
30.028278
30.028557
30.028634
30.028502
30.02818
30.02772
30.027185
30.026656
30.026197
30.025836
30.025594
30.025428
30.025307
30.025169
30.02497
30.024693
30.024327
30.023903
30.02348
30.023101
30.022799
30.022599
30.022497
30.022454
30.022404
30.02228
30.022032
30.021642
30.021119
30.020506
30.019874
30.019294
30.018837
30.018572
30.01851
30.018639
30.018911
30.019249
30.019594
30.019885
30.02011
30.020263
30.020393
30.020538
30.020726
30.020995
30.021338
30.021728
30.022129
30.022475
30.02272
30.02283
30.022799
30.022646
30.022438
30.022263
30.022188
30.022278
30.022561
30.023038
30.023669
30.024402
30.025178
30.025935
30.026643
30.02728
30.027868
30.028439
30.029038
30.029681
30.030359
30.031049
30.031698
30.032249
30.032642
30.032819
30.032758
30.032465
30.032002
30.031439
30.030883
30.030397
30.030046
30.02984
30.029765
30.029793
30.029862
30.029925
30.029948
30.029905
30.029794
30.029652
30.029508
30.029401
30.029358
30.029366
30.029377
30.029337
30.029171
30.028826
30.028282
30.027529
30.026599
30.025555
30.024484
30.023452
30.022524
30.021749
30.021124
30.020628
30.020205
30.019794
30.019366
30.018917
30.018445
30.017983
30.017591
30.017298
30.017138
30.017118
30.017222
30.0174
30.017577
30.017698
30.017702
30.017582
30.017354
30.017066
30.016775
30.01654
30.016424
30.016488
30.01674
30.017147
30.017662
30.01823
30.01879
30.019296
30.019734
30.020126
30.020493
30.020886
30.021325
30.021841
30.022423
30.023023
30.023589
30.024063
30.024405
30.024586
30.024623
30.024551
30.024432
30.024333
30.02434
30.024497
30.024817
30.025272
30.025818
30.026386
30.026923
30.027389
30.027739
30.027975
30.028136
30.028256
30.028376
30.028529
30.028703
30.028873
30.029
30.02902
30.02889
30.028579
30.028065
30.027375
30.026585
30.025771
30.02501
30.024376
30.023923
30.023671
30.023576
30.023603
30.023686
30.023775
30.023848
30.02389
30.023908
30.023943
30.024024
30.024157
30.024361
30.024596
30.024833
30.024995
30.025044
30.024918
30.02461
30.024135
30.023544
30.022914
30.022321
30.021839
30.021524
30.021393
30.021441
30.021624
30.021887
30.02217
30.022443
30.022687
30.022919
30.023173
30.023491
30.023903
30.024429
30.025049
30.025725
30.026411
30.027038
30.027534
30.02785
30.027987
30.027969
30.02785
30.027692
30.02758
30.027557
30.027655
30.02786
30.028159
30.028488
30.028797
30.029049
30.029216
30.029316
30.029362
30.029402
30.029472
30.029597
30.02978
30.030002
30.030214
30.03036
30.030383
30.030225
30.029879
30.029364
30.028732
30.02806
30.027427
30.026889
30.026488
30.026218
30.02607
30.025984
30.02591
30.025796
30.025617
30.025359
30.025028
30.024668
30.02431
30.023999
30.023763
30.023591
30.023436
30.023261
30.023006
30.022624
30.02212
30.0215
30.020804
30.020086
30.019418
30.018892
30.018555
30.018422
30.018481
30.018686
30.018978
30.019295
30.019588
30.019839
30.020053
30.020252
30.020469
30.020731
30.021057
30.021441
30.021843
30.022196
30.022436
30.022512
30.022393
30.022094
30.021646
30.021114
30.020582
30.020116
30.019779
30.01962
30.019632
30.019793
30.020062
30.020373
30.020673
30.02094
30.021159
30.021355
30.021563
30.021811
30.02212
30.022484
30.022884
30.023266
30.023572
30.023728
30.023694
30.023448
30.022993
30.02239
30.021706
30.021029
30.020424
30.019941
30.019596
30.019363
30.01922
30.019114
30.019003
30.018855
30.018665
30.018447
30.018231
30.018074
30.017999
30.018025
30.018143
30.018312
30.018462
30.018524
30.018448
30.018216
30.017818
30.017286
30.016681
30.016087
30.015568
30.015188
30.014974
30.014908
30.014956
30.015072
30.015183
30.015255
30.015276
30.015258
30.01523
30.015229
30.015301
30.015463
30.015724
30.016055
30.016413
30.016732
30.01696
30.017063
30.017014
30.016853
30.016627
30.01641
30.016257
30.016227
30.01636
30.016668
30.017101
30.017619
30.018155
30.01864
30.01904
30.01935
30.019583
30.019772
30.019958
30.020189
30.020469
30.020778
30.021085
30.021331
30.021455
30.021413
30.021194
30.02081
30.020292
30.019719
30.019187
30.018769
30.018517
30.018449
30.018558
30.018798
30.019114
30.019446
30.019748
30.019984
30.020166
30.02032
30.020485
30.020689
30.020954
30.021276
30.021618
30.021931
30.022145
30.022209
30.022087
30.021775
30.021307
30.02075
30.02019
30.01971
30.019373
30.019221
30.019249
30.01943
30.019723
30.020076
30.020433
30.020766
30.021074
30.021374
30.021714
30.022129
30.022645
30.023278
30.023987
30.024719
30.025418
30.026005
30.026424
30.026636
30.026651
30.026517
30.026307
30.026098
30.025964
30.025961
30.026092
30.026339
30.026669
30.027019
30.027342
30.027601
30.027789
30.027918
30.028018
30.028146
30.028328
30.0286
30.02895
30.029336
30.029704
30.02998
30.030093
30.030026
30.029772
30.029364
30.028865
30.028345
30.027873
30.0275
30.027264
30.027154
30.027124
30.027121
30.027086
30.026974
30.026754
30.026438
30.026058
30.025672
30.025326
30.025053
30.024858
30.024728
30.024632
30.024493
30.024255
30.023876
30.023347
30.022679
30.02194
30.021198
30.020523
30.019984
30.01963
30.019479
30.019501
30.019636
30.019837
30.020031
30.020179
30.020272
30.020321
30.020353
30.020425
30.02056
30.020775
30.021047
30.021337
30.0216
30.021765
30.021784
30.021637
30.021333
30.020917
30.02046
30.020053
30.019763
30.019656
30.019761
30.020059
30.020497
30.021014
30.021544
30.022036
30.022472
30.022838
30.02316
30.023476
30.023817
30.024221
30.024682
30.025159
30.025583
30.025888
30.026026
30.025945
30.025631
30.025111
30.024447
30.023706
30.022976
30.022323
30.021796
30.021412
30.021161
30.020983
30.020828
30.02066
30.020449
30.020193
30.019927
30.019676
30.019496
30.019407
30.019426
30.019526
30.019667
30.019783
30.019809
30.019693
30.019404
30.018954
30.018391
30.017792
30.017231
30.016781
30.016496
30.016379
30.016425
30.016595
30.016819
30.017044
30.017231
30.017365
30.017476
30.017583
30.017737
30.017977
30.01833
30.018795
30.019335
30.019902
30.020442
30.020897
30.021206
30.021381
30.021449
30.021471
30.02151
30.021632
30.021883
30.02228
30.022814
30.023458
30.024152
30.024835
30.025458
30.025987
30.026433
30.026806
30.027151
30.027501
30.027884
30.028317
30.028762
30.029187
30.029519
30.029701
30.029696
30.029496
30.029117
30.028612
30.028056
30.027529
30.027104
30.026819
30.026683
30.026661
30.02671
30.026776
30.0268
30.026757
30.026629
30.026422
30.026159
30.025895
30.025654
30.025453
30.025287
30.025116
30.024875
30.024515
30.024003
30.023317
30.022479
30.021527
30.020526
30.019548
30.018677
30.017978
30.017478
30.017175
30.017045
30.017033
30.017074
30.017138
30.017199
30.017275
30.017378
30.017551
30.017828
30.018229
30.018733
30.019321
30.019926
30.020476
30.020919
30.021202
30.021322
30.021297
30.021182
30.021052
30.020986
30.021021
30.021204
30.021528
30.021971
30.022494
30.023049
30.023579
30.024062
30.024481
30.024859
30.025234
30.025649
30.026122
30.026646
30.027214
30.027768
30.028263
30.028633
30.028828
30.028835
30.028646
30.028312
30.027893
30.027473
30.027113
30.02686
30.026711
30.026645
30.026624
30.026604
30.02655
30.026418
30.026194
30.025907
30.025595
30.025289
30.025029
30.024845
30.024741
30.024682
30.024606
30.024465
30.024208
30.023799
30.023248
30.022584
30.021867
30.021161
30.020549
30.020093
30.019818
30.019721
30.019779
30.019918
30.02008
30.020204
30.020278
30.020312
30.020333
30.020362
30.02043
30.020563
30.020776
30.021046
30.021318
30.021532
30.021644
30.021607
30.021423
30.021112
30.020731
30.020358
30.020069
30.019921
30.019954
30.020176
30.020553
30.02104
30.021582
30.022118
30.022621
30.023069
30.023465
30.023849
30.02425
30.024708
30.025235
30.025801
30.026367
30.026867
30.027237
30.027411
30.02738
30.027142
30.026734
30.026242
30.025732
30.02529
30.02498
30.024813
30.024792
30.024865
30.024991
30.025117
30.025207
30.02525
30.025255
30.02525
30.025272
30.02535
30.025503
30.025727
30.025983
30.026222
30.026372
30.026382
30.026196
30.025814
30.025257
30.024596
30.023907
30.023264
30.022724
30.022327
30.022064
30.021909
30.021821
30.021752
30.021662
30.021525
30.021336
30.02113
30.02095
30.020848
30.02086
30.020993
30.021214
30.02148
30.021722
30.021886
30.021918
30.021797
30.021543
30.021196
30.02082
30.020502
30.020304
30.020256
30.020373
30.02065
30.021041
30.021475
30.021897
30.022264
30.022565
30.022826
30.023069
30.023345
30.023676
30.024094
30.024585
30.025104
30.025597
30.025989
30.026226
30.026286
30.026177
30.025941
30.025649
30.025375
30.025191
30.025149
30.025268
30.025543
30.025929
30.026373
30.026799
30.027149
30.027398
30.027547
30.027635
30.027692
30.02776
30.02787
30.028026
30.028197
30.028339
30.028387
30.028274
30.027971
30.02746
30.026769
30.025955
30.025102
30.024291
30.0236
30.023069
30.022706
30.022496
30.022389
30.022327
30.022266
30.022171
30.022035
30.021872
30.021708
30.021601
30.021575
30.021645
30.021787
30.021945
30.022059
30.022067
30.021923
30.021597
30.021106
30.020482
30.01979
30.019114
30.018535
30.018113
30.017891
30.017859
30.017955
30.018129
30.018322
30.018508
30.018667
30.018802
30.018933
30.019111
30.019374
30.019747
30.020214
30.020759
30.021316
30.021817
30.022194
30.022397
30.02243
30.022315
30.022108
30.021871
30.02167
30.02157
30.021603
30.02177
30.022053
30.0224
30.022753
30.023049
30.02326
30.023386
30.02346
30.023512
30.023599
30.023745
30.023968
30.024245
30.024538
30.024785
30.02492
30.02488
30.024656
30.024243
30.023697
30.023098
30.022524
30.022052
30.021739
30.021588
30.021582
30.021667
30.021802
30.021919
30.021968
30.021945
30.021852
30.021725
30.021609
30.021541
30.021528
30.021574
30.021664
30.02175
30.021779
30.021693
30.021451
30.021062
30.02057
30.020027
30.019512
30.0191
30.018845
30.018785
30.018909
30.019188
30.019561
30.019979
30.020386
30.020742
30.02105
30.021332
30.021625
30.021953
30.022354
30.022819
30.023323
30.023826
30.024265
30.024576
30.024694
30.024611
30.024342
30.023938
30.023476
30.02305
30.022732
30.022573
30.022591
30.022761
30.023041
30.023381
30.023725
30.024027
30.024275
30.024475
30.024653
30.024844
30.025095
30.025403
30.025764
30.026141
30.026468
30.026679
30.026711
30.026534
30.02617
30.025635
30.025
30.02434
30.023727
30.023234
30.022879
30.022653
30.022531
30.022454
30.022379
30.022271
30.022106
30.021883
30.021639
30.02142
30.02126
30.021183
30.021206
30.021304
30.021422
30.0215
30.021475
30.021285
30.02092
30.020415
30.019813
30.019205
30.018659
30.018241
30.017984
30.017888
30.017918
30.018042
30.018199
30.018344
30.018439
30.018478
30.018491
30.018501
30.018563
30.018714
30.018947
30.019255
30.019595
30.0199
30.020117
30.020194
30.020109
30.019887
30.019564
30.019208
30.018888
30.01869
30.018659
30.018808
30.019109
30.019517
30.019963
30.020374
30.020715
30.020977
30.021156
30.021286
30.021411
30.021565
30.021754
30.021984
30.022222
30.022425
30.022528
30.022463
30.022221
30.021797
30.021226
30.020575
30.019912
30.019308
30.018815
30.018488
30.018328
30.018317
30.018401
30.01852
30.018628
30.01869
30.018698
30.018682
30.018667
30.018687
30.018769
30.018913
30.019085
30.019237
30.019319
30.019275
30.01905
30.018638
30.018059
30.017367
30.016639
30.01597
30.015432
30.015058
30.014851
30.014794
30.014851
30.014958
30.015066
30.015155
30.015209
30.015253
30.015307
30.015419
30.015608
30.015887
30.016245
30.016637
30.016994
30.017264
30.01739
30.017353
30.01714
30.016798
30.016383
30.015958
30.015605
30.015367
30.015274
30.015311
30.015446
30.015617
30.015776
30.015887
30.015942
30.015953
30.015948
30.015967
30.016038
30.016182
30.016396
30.016641
30.016868
30.017025
30.017053
30.016932
30.016646
30.016225
30.015729
30.015221
30.014786
30.014469
30.014301
30.014286
30.014386
30.014554
30.014734
30.014885
30.014975
30.014998
30.014972
30.014943
30.014947
30.015013
30.015158
30.015361
30.015585
30.015767
30.015844
30.015785
30.015573
30.015232
30.014817
30.014392
30.014021
30.013769
30.013684
30.01378
30.014047
30.014436
30.014893
30.015355
30.015793
30.016187
30.016554
30.016912
30.017307
30.017756
30.018273
30.018846
30.019449
30.020026
30.0205
30.020816
30.020951
30.020912
30.02074
30.020508
30.020288
30.020152
30.020153
30.020329
30.020668
30.021142
30.021706
30.022309
30.022893
30.023415
30.023877
30.024319
30.024772
30.025274
30.02584
30.026457
30.0271
30.027731
30.028285
30.0287
30.028927
30.028974
30.028847
30.028591
30.028278
30.027982
30.027775
30.027694
30.027763
30.027943
30.028204
30.028485
30.028741
30.028953
30.02911
30.029222
30.029333
30.029493
30.029739
30.03008
30.030504
30.030945
30.031337
30.031613
30.031724
30.031655
30.031416
30.031035
30.030573
30.030113
30.029717
30.029449
30.029336
30.02938
30.029523
30.02972
30.029902
30.030033
30.030087
30.030081
30.030048
30.03003
30.030077
30.030207
30.030414
30.030677
30.030939
30.031142
30.031227
30.031149
30.030896
30.030499
30.030037
30.029571
30.029183
30.028915
30.028797
30.02883
30.028996
30.02924
30.029502
30.029721
30.029848
30.029886
30.029855
30.029808
30.029785
30.029815
30.029904
30.030034
30.030158
30.030221
30.030167
30.029937
30.029508
30.028885
30.02813
30.027307
30.026506
30.025808
30.025276
30.024915
30.02471
30.02461
30.024558
30.024489
30.024356
30.024143
30.023874
30.023586
30.023308
30.023078
30.022908
30.022787
30.02267
30.022525
30.022272
30.021874
30.021287
30.020516
30.019605
30.018609
30.017623
30.01672
30.015969
30.015404
30.015028
30.014803
30.01468
30.014601
30.014506
30.014383
30.014223
30.014056
30.013924
30.013874
30.013921
30.014077
30.014312
30.014566
30.014776
30.014878
30.014808
30.014556
30.014137
30.013599
30.01302
30.012475
30.012038
30.011763
30.011652
30.011686
30.011828
30.012015
30.012196
30.012333
30.012434
30.012506
30.012588
30.012712
30.012918
30.013217
30.013596
30.014029
30.014457
30.014802
30.015005
30.015026
30.014874
30.014593
30.014257
30.013938
30.013711
30.013628
30.013709
30.013931
30.014254
30.014611
30.014952
30.015219
30.015389
30.015483
30.015533
30.015585
30.015673
30.01582
30.016026
30.016274
30.016512
30.016684
30.016715
30.016567
30.016234
30.015734
30.015135
30.014511
30.01395
30.013521
30.013255
30.013153
30.013195
30.013327
30.013491
30.013639
30.013737
30.013759
30.013741
30.013711
30.013725
30.013807
30.013974
30.014202
30.014436
30.014634
30.014729
30.014675
30.014456
30.014081
30.013614
30.013123
30.012695
30.012395
30.012268
30.012347
30.012614
30.013036
30.013549
30.014084
30.014605
30.015088
30.01553
30.015967
30.016426
30.016944
30.017547
30.01822
30.01893
30.019618
30.02022
30.020674
30.020935
30.021009
30.020939
30.020779
30.02059
30.020454
30.02043
30.020546
30.0208
30.02117
30.02162
30.022086
30.022518
30.022898
30.023211
30.023485
30.023775
30.024107
30.024498
30.024961
30.025467
30.02596
30.026379
30.026663
30.026767
30.02668
30.026414
30.026002
30.025523
30.025056
30.02468
30.024434
30.024326
30.024344
30.024439
30.024556
30.02465
30.024691
30.024654
30.024561
30.024443
30.024345
30.024299
30.02433
30.024434
30.024575
30.024688
30.024724
30.024631
30.024389
30.024005
30.023503
30.022941
30.022399
30.021955
30.021647
30.021502
30.02152
30.02166
30.021872
30.022099
30.022296
30.02245
30.02255
30.022623
30.022729
30.022891
30.023127
30.02345
30.023832
30.024214
30.024535
30.024732
30.024779
30.024657
30.024393
30.024044
30.023692
30.023416
30.023273
30.023305
30.023504
30.023843
30.024264
30.024718
30.025153
30.025529
30.025834
30.026078
30.026288
30.026486
30.026687
30.026904
30.027128
30.027335
30.027453
30.027433
30.027218
30.026792
30.026178
30.02542
30.024603
30.023795
30.023066
30.022464
30.022008
30.02169
30.021484
30.021332
30.02119
30.021022
30.020804
30.020553
30.020299
30.020085
30.019941
30.01987
30.019874
30.019918
30.019937
30.019867
30.019661
30.019286
30.018738
30.018054
30.0173
30.016544
30.015874
30.015354
30.015013
30.014851
30.014827
30.014891
30.015002
30.015113
30.015202
30.015273
30.015346
30.015455
30.015641
30.015934
30.016319
30.016766
30.017232
30.017649
30.017967
30.018149
30.018173
30.018058
30.017841
30.017585
30.017359
30.017232
30.017252
30.017418
30.01771
30.018072
30.018462
30.01883
30.019136
30.019373
30.019551
30.019698
30.019871
30.020096
30.020407
30.020794
30.021213
30.021611
30.021932
30.022117
30.022125
30.021962
30.021674
30.021333
30.021011
30.020783
30.020682
30.020733
30.020934
30.021244
30.021611
30.02198
30.022287
30.022525
30.022686
30.022803
30.02292
30.023069
30.023256
30.023469
30.023696
30.023893
30.024011
30.023996
30.02381
30.023445
30.022936
30.022346
30.021743
30.021214
30.020823
30.020599
30.020541
30.020628
30.020805
30.021012
30.021184
30.02129
30.021343
30.021356
30.021374
30.021429
30.021564
30.021775
30.022038
30.022317
30.02255
30.022672
30.022637
30.022431
30.022064
30.021584
30.021064
30.020577
30.020198
30.019979
30.019938
30.020052
30.02028
30.020572
30.020871
30.021151
30.021392
30.021599
30.021811
30.022056
30.022375
30.022777
30.02325
30.023751
30.024207
30.024549
30.024727
30.024707
30.0245
30.02414
30.023689
30.023215
30.022803
30.022501
30.022342
30.022312
30.022381
30.022505
30.022634
30.022711
30.022728
30.022683
30.022608
30.022531
30.022507
30.022558
30.0227
30.022908
30.023127
30.023295
30.023352
30.023252
30.022965
30.022526
30.02198
30.021402
30.020863
30.020438
30.020162
30.020038
30.020034
30.020103
30.02019
30.020254
30.020264
30.020215
30.020123
30.020017
30.019938
30.019918
30.019959
30.020064
30.020197
30.020296
30.020296
30.02015
30.019828
30.019326
30.018699
30.018025
30.017385
30.016855
30.01649
30.016293
30.016264
30.016363
30.016539
30.016716
30.016855
30.016928
30.01693
30.016897
30.016873
30.016891
30.016976
30.017128
30.017327
30.017522
30.017639
30.017625
30.01744
30.017078
30.016571
30.015967
30.015354
30.014802
30.014378
30.014131
30.014059
30.014122
30.014267
30.014437
30.014586
30.014682
30.014716
30.014704
30.014674
30.014666
30.014711
30.01483
30.015003
30.015177
30.015277
30.015232
30.01499
30.014533
30.013888
30.013097
30.012249
30.01143
30.010702
30.010131
30.009726
30.009492
30.009375
30.009314
30.009262
30.009182
30.009065
30.008906
30.008736
30.008613
30.008565
30.008609
30.008758
30.008965
30.009177
30.009334
30.009376
30.00926
30.008991
30.008595
30.008128
30.007654
30.007255
30.00701
30.00694
30.007039
30.007264
30.007562
30.007874
30.008154
30.008386
30.008559
30.008701
30.008868
30.009105
30.009441
30.009863
30.010358
30.010863
30.01131
30.011651
30.011834
30.011858
30.011725
30.011477
30.011199
30.010976
30.010869
30.010923
30.011133
30.011492
30.011938
30.012423
30.012874
30.013253
30.013553
30.013785
30.013996
30.014221
30.014506
30.014863
30.015286
30.015732
30.016149
30.016483
30.016677
30.016706
30.016575
30.016325
30.016026
30.015767
30.015615
30.015616
30.015806
30.016168
30.016653
30.017221
30.017804
30.018349
30.01882
30.019222
30.019582
30.019937
30.020333
30.020786
30.021308
30.02187
30.022416
30.022883
30.02321
30.023354
30.023303
30.023087
30.022769
30.022415
30.022113
30.021945
30.021952
30.022128
30.022462
30.022891
30.023366
30.023829
30.024255
30.024627
30.024966
30.025308
30.02568
30.026102
30.026587
30.02711
30.027649
30.028136
30.028502
30.028698
30.02869
30.028493
30.028157
30.02774
30.027324
30.026971
30.026744
30.026652
30.026701
30.026837
30.027019
30.027179
30.027283
30.027308
30.027271
30.027207
30.027159
30.027176
30.027278
30.027459
30.027679
30.02787
30.027965
30.027915
30.027685
30.027272
30.026693
30.026019
30.025306
30.02465
30.024104
30.023706
30.023447
30.0233
30.023222
30.023164
30.023087
30.022962
30.022769
30.022527
30.02229
30.022097
30.021976
30.021948
30.021992
30.022053
30.022073
30.02201
30.021813
30.021468
30.021
30.020449
30.019882
30.01937
30.01898
30.018762
30.018715
30.018815
30.019026
30.019279
30.019525
30.019724
30.019866
30.019961
30.020037
30.02013
30.020271
30.020462
30.020704
30.020962
30.021174
30.021293
30.021251
30.021017
30.020609
30.020059
30.019432
30.018813
30.018284
30.017889
30.017656
30.017569
30.017612
30.017736
30.017882
30.018007
30.018078
30.018106
30.018102
30.018108
30.018157
30.018255
30.018405
30.018575
30.018702
30.018742
30.018644
30.018373
30.017925
30.017316
30.016618
30.015885
30.015194
30.014621
30.014204
30.013948
30.013838
30.013824
30.013865
30.013912
30.013927
30.0139
30.013859
30.013826
30.013836
30.013912
30.014072
30.014293
30.014537
30.01474
30.014837
30.014782
30.014542
30.014132
30.013602
30.013011
30.012439
30.011947
30.01158
30.011368
30.011296
30.011332
30.011432
30.011542
30.011623
30.011661
30.011685
30.011715
30.011783
30.011932
30.012174
30.012499
30.012862
30.01321
30.013469
30.013585
30.013536
30.013328
30.012987
30.012571
30.012141
30.011781
30.011553
30.011482
30.011568
30.011752
30.01199
30.012228
30.012425
30.012552
30.012605
30.012619
30.01262
30.012647
30.012727
30.012882
30.013072
30.013268
30.013409
30.013437
30.013307
30.013008
30.012553
30.011988
30.011389
30.010829
30.010383
30.010085
30.009959
30.009966
30.010074
30.010221
30.010359
30.010451
30.01049
30.010487
30.010488
30.010544
30.010677
30.010881
30.011154
30.011436
30.011685
30.01185
30.011878
30.011729
30.011417
30.010986
30.01051
30.010081
30.009768
30.009621
30.009671
30.009907
30.010295
30.010773
30.01129
30.01179
30.012248
30.012665
30.013077
30.01351
30.014003
30.014582
30.01525
30.01597
30.016678
30.017309
30.017797
30.018094
30.018207
30.018158
30.018006
30.017814
30.017666
30.017644
30.01777
30.018058
30.01848
30.018977
30.019484
30.019953
30.020364
30.020741
30.0211
30.021473
30.021883
30.022366
30.022928
30.023555
30.0242
30.024791
30.025257
30.025549
30.025631
30.025518
30.025258
30.024911
30.024558
30.02428
30.024134
30.024127
30.024243
30.02445
30.024686
30.024886
30.025019
30.025063
30.025038
30.02498
30.024951
30.024979
30.025067
30.025217
30.025393
30.025531
30.025568
30.025456
30.025165
30.024707
30.0241
30.023409
30.022706
30.02208
30.021579
30.021237
30.02104
30.020957
30.020946
30.020937
30.020893
30.020789
30.020625
30.020419
30.02022
30.020084
30.020052
30.020116
30.020253
30.020406
30.020515
30.020518
30.020353
30.02001
30.019524
30.01894
30.018329
30.017782
30.017366
30.017112
30.017039
30.017122
30.017321
30.017569
30.017814
30.018015
30.018144
30.018214
30.018257
30.018313
30.018413
30.018579
30.018791
30.019017
30.019177
30.019213
30.019084
30.018745
30.018202
30.017515
30.016753
30.016004
30.015333
30.014808
30.014457
30.014264
30.014195
30.014203
30.014218
30.014202
30.014145
30.014059
30.013969
30.013915
30.013941
30.014063
30.014272
30.01456
30.014867
30.015111
30.015231
30.015184
30.014958
30.014585
30.014109
30.013617
30.013177
30.012857
30.012706
30.012738
30.012926
30.013229
30.013576
30.013914
30.01422
30.014495
30.014758
30.015041
30.015386
30.015806
30.016307
30.016877
30.017469
30.01803
30.018483
30.018775
30.018884
30.018819
30.018622
30.018364
30.01812
30.017961
30.017941
30.01808
30.01837
30.01877
30.019208
30.019631
30.019997
30.020294
30.020515
30.020691
30.020864
30.021101
30.021417
30.021821
30.022265
30.022676
30.023001
30.023183
30.023181
30.023006
30.022685
30.022279
30.021852
30.021489
30.021254
30.021173
30.021246
30.021434
30.021687
30.021968
30.022209
30.022397
30.022524
30.022602
30.022675
30.022779
30.022939
30.023155
30.02341
30.023652
30.023827
30.023876
30.023759
30.023448
30.022962
30.022354
30.021702
30.021084
30.020576
30.020232
30.020057
30.020031
30.020118
30.020255
30.020389
30.020468
30.020484
30.020434
30.020372
30.020319
30.020308
30.020367
30.020475
30.020602
30.020686
30.020667
30.020499
30.020152
30.019624
30.018934
30.018156
30.017364
30.01663
30.016028
30.015591
30.015308
30.015148
30.015066
30.01501
30.014923
30.014796
30.014625
30.014441
30.014287
30.014194
30.014184
30.014256
30.01437
30.014479
30.014528
30.014461
30.014219
30.013797
30.01323
30.012566
30.011879
30.011224
30.010679
30.0103
30.01009
30.01003
30.010086
30.010193
30.010302
30.010373
30.010398
30.010404
30.010431
30.010508
30.010675
30.010941
30.011294
30.011687
30.012067
30.012375
30.012553
30.012574
30.01244
30.012211
30.011931
30.01169
30.011553
30.01157
30.011737
30.01205
30.012467
30.012935
30.013397
30.013808
30.014155
30.014444
30.014702
30.014965
30.015278
30.015658
30.016098
30.016556
30.016982
30.017322
30.017501
30.0175
30.017312
30.016967
30.016511
30.016035
30.015605
30.015292
30.015127
30.015112
30.015229
30.015427
30.015646
30.015823
30.015946
30.01601
30.016026
30.016023
30.016059
30.016141
30.016273
30.016442
30.016616
30.016737
30.016746
30.016598
30.016283
30.015812
30.015234
30.014622
30.014052
30.013596
30.01329
30.013156
30.013174
30.01329
30.013458
30.013629
30.013761
30.013827
30.01384
30.013849
30.01389
30.014006
30.014194
30.014434
30.014689
30.014897
30.014994
30.014936
30.01469
30.014254
30.013667
30.012996
30.012328
30.011731
30.011272
30.010979
30.010837
30.010813
30.01086
30.010926
30.010969
30.010977
30.010957
30.010934
30.010927
30.010968
30.011097
30.011307
30.011575
30.011844
30.012038
30.012101
30.012011
30.011753
30.011356
30.01088
30.01039
30.009954
30.009638
30.009473
30.009461
30.009584
30.009788
30.010014
30.010199
30.010331
30.010402
30.010443
30.010496
30.010592
30.01077
30.011026
30.011351
30.011704
30.012018
30.012243
30.012324
30.012243
30.012004
30.011651
30.011255
30.010905
30.010669
30.010595
30.010679
30.010918
30.011269
30.011678
30.012088
30.012472
30.01281
30.013105
30.013397
30.013714
30.014097
30.014574
30.015111
30.015683
30.016232
30.016699
30.017023
30.01718
30.017169
30.017033
30.01684
30.016661
30.016566
30.016608
30.016806
30.017152
30.017621
30.018155
30.018692
30.019182
30.01961
30.019962
30.020268
30.020566
30.020888
30.021272
30.021713
30.022188
30.022642
30.023018
30.023255
30.023312
30.023178
30.022867
30.022429
30.021939
30.021492
30.021139
30.020937
30.020888
30.020974
30.021161
30.021384
30.021595
30.021757
30.021878
30.021965
30.02206
30.022194
30.02239
30.022663
30.022989
30.023331
30.023623
30.023801
30.023819
30.023644
30.023291
30.022795
30.022235
30.021675
30.021198
30.020847
30.020652
30.020615
30.020699
30.020837
30.020961
30.021035
30.021036
30.020962
30.020852
30.020752
30.020714
30.02076
30.020886
30.021051
30.021209
30.021303
30.02126
30.021043
30.020646
30.020087
30.019417
30.018713
30.018052
30.017491
30.017071
30.016802
30.016672
30.016614
30.016578
30.016506
30.016372
30.016161
30.015912
30.015659
30.015442
30.015312
30.015266
30.015287
30.015322
30.015314
30.015203
30.014947
30.014515
30.013926
30.013229
30.012502
30.011821
30.01126
30.010873
30.01068
30.010655
30.010759
30.010923
30.011093
30.011229
30.0113
30.011322
30.011323
30.011343
30.011413
30.011571
30.011811
30.012106
30.012403
30.012624
30.012711
30.012643
30.012405
30.012044
30.011616
30.011199
30.010869
30.010684
30.010684
30.010875
30.011208
30.011624
30.012074
30.012507
30.012899
30.01325
30.013581
30.013925
30.014323
30.014788
30.01533
30.015917
30.016508
30.017036
30.017435
30.017655
30.017666
30.017482
30.017172
30.016808
30.016483
30.016264
30.016201
30.01631
30.016566
30.016926
30.017323
30.017703
30.018027
30.018266
30.018435
30.018583
30.018746
30.018971
30.019272
30.019624
30.019989
30.020322
30.020551
30.020627
30.020515
30.020209
30.019746
30.019192
30.018616
30.018107
30.017712
30.017466
30.017356
30.017351
30.017409
30.01746
30.017469
30.017412
30.017287
30.017132
30.016993
30.016921
30.016938
30.017056
30.017248
30.017458
30.017605
30.017632
30.017495
30.017186
30.016735
30.016187
30.015612
30.0151
30.014718
30.014495
30.014433
30.014513
30.01468
30.014874
30.01505
30.015173
30.015217
30.015201
30.015158
30.015129
30.015147
30.015237
30.015395
30.015567
30.01571
30.015759
30.015645
30.01536
30.014914
30.01434
30.013717
30.013105
30.012585
30.012218
30.012027
30.011992
30.012075
30.012212
30.01235
30.012452
30.012488
30.012474
30.012439
30.012425
30.012463
30.012573
30.012754
30.012984
30.013212
30.013362
30.013379
30.013226
30.01291
30.012462
30.011922
30.011379
30.010915
30.010591
30.010435
30.010461
30.010625
30.01089
30.011191
30.011476
30.011727
30.011927
30.012102
30.01229
30.012519
30.012826
30.013203
30.013624
30.014053
30.014425
30.014675
30.014774
30.014704
30.014472
30.014122
30.013726
30.013357
30.013086
30.012949
30.01297
30.013126
30.013383
30.013691
30.013998
30.014261
30.014467
30.014625
30.014762
30.014931
30.015175
30.015505
30.01591
30.016345
30.016759
30.017077
30.017244
30.017224
30.017026
30.01668
30.016248
30.015813
30.015438
30.015169
30.01504
30.015055
30.015178
30.015346
30.015509
30.01563
30.015697
30.015706
30.015687
30.015665
30.015677
30.015732
30.015836
30.015974
30.0161
30.016162
30.016103
30.015883
30.015494
30.014967
30.014348
30.013725
30.013166
30.012738
30.012472
30.01237
30.012412
30.012544
30.012708
30.012855
30.012953
30.012992
30.013004
30.013013
30.013055
30.013173
30.013381
30.013654
30.013951
30.014208
30.014376
30.014401
30.014266
30.013977
30.013578
30.013121
30.012701
30.012372
30.012189
30.012173
30.012321
30.012588
30.012905
30.013235
30.013533
30.013782
30.013988
30.014175
30.014378
30.014625
30.014933
30.0153
30.015685
30.016022
30.016246
30.016325
30.016223
30.015933
30.015489
30.014956
30.014402
30.013916
30.013544
30.013321
30.013249
30.013312
30.013459
30.01363
30.01378
30.013894
30.01396
30.014007
30.014072
30.014185
30.014385
30.014682
30.015063
30.015463
30.015835
30.016107
30.016225
30.016173
30.015974
30.015669
30.015326
30.01503
30.014832
30.014781
30.014878
30.015121
30.015451
30.015823
30.016182
30.016507
30.01678
30.017026
30.017281
30.01759
30.017968
30.018425
30.01895
30.019496
30.020012
30.020423
30.020674
30.020746
30.020646
30.020399
30.020065
30.019724
30.019456
30.019321
30.019323
30.019465
30.01971
30.020011
30.02031
30.020551
30.020705
30.020774
30.020793
30.02081
30.02086
30.020968
30.021137
30.02133
30.021501
30.021582
30.021523
30.021288
30.020872
30.020293
30.019621
30.018929
30.018272
30.017727
30.017331
30.017092
30.016978
30.016944
30.016918
30.016863
30.016753
30.016586
30.016379
30.016165
30.016001
30.015916
30.01591
30.015963
30.016025
30.016022
30.015899
30.015601
30.015123
30.014467
30.013672
30.012826
30.011995
30.011263
30.010677
30.010266
30.010016
30.009874
30.009784
30.009698
30.009584
30.009432
30.009256
30.009064
30.008901
30.008798
30.008778
30.008839
30.008942
30.009023
30.009014
30.008867
30.008549
30.008054
30.00742
30.006693
30.005966
30.005307
30.004785
30.004431
30.004248
30.004198
30.004233
30.004296
30.004327
30.004314
30.004251
30.00417
30.004111
30.004123
30.004242
30.004456
30.004738
30.005048
30.005319
30.005484
30.005495
30.005336
30.005016
30.004582
30.004106
30.003661
30.003338
30.003167
30.003169
30.003318
30.003577
30.003894
30.004214
30.004494
30.004719
30.004899
30.005074
30.005295
30.005599
30.005994
30.006467
30.006971
30.007451
30.007851
30.008111
30.008187
30.008106
30.007906
30.00764
30.007381
30.007204
30.007164
30.007298
30.007597
30.008014
30.008494
30.008975
30.009412
30.00977
30.010061
30.010311
30.01056
30.010856
30.011216
30.011652
30.012135
30.012608
30.012993
30.013232
30.013285
30.013142
30.012837
30.012433
30.011998
30.011621
30.011365
30.011277
30.011355
30.011573
30.011893
30.012248
30.012587
30.01287
30.013105
30.013316
30.013521
30.013771
30.014083
30.014472
30.014927
30.015404
30.015836
30.016153
30.016305
30.016276
30.016075
30.015749
30.015352
30.014963
30.014677
30.014546
30.01457
30.014747
30.015035
30.015384
30.015719
30.016
30.016216
30.016361
30.016483
30.016622
30.016822
30.017099
30.017447
30.017822
30.018157
30.018402
30.018484
30.018372
30.018061
30.017572
30.016976
30.016347
30.015778
30.015319
30.015008
30.01485
30.01483
30.014897
30.014993
30.015056
30.015076
30.015044
30.014975
30.014913
30.014893
30.014959
30.015124
30.01536
30.015609
30.01581
30.015917
30.01588
30.015664
30.015301
30.014833
30.014331
30.013869
30.013516
30.013324
30.013313
30.013455
30.013711
30.014012
30.014306
30.014552
30.014721
30.014828
30.014921
30.015037
30.01522
30.015485
30.015824
30.016193
30.016543
30.016799
30.016909
30.016834
30.016586
30.016195
30.015722
30.015249
30.014858
30.014608
30.014523
30.014601
30.014799
30.015068
30.015349
30.015597
30.01578
30.015909
30.016012
30.016129
30.016288
30.016512
30.016796
30.01712
30.017433
30.017658
30.017743
30.017649
30.017368
30.016917
30.016346
30.015751
30.015203
30.014774
30.014514
30.014424
30.014482
30.014634
30.014835
30.015017
30.015145
30.015212
30.01523
30.01523
30.015267
30.015368
30.01555
30.01579
30.016049
30.016266
30.016375
30.01633
30.016097
30.015694
30.015152
30.014552
30.013974
30.013479
30.013128
30.012947
30.012916
30.013
30.013134
30.013285
30.01341
30.013496
30.013532
30.013547
30.013582
30.013683
30.013867
30.014128
30.014441
30.014734
30.014952
30.015022
30.014906
30.014599
30.014137
30.013568
30.012965
30.012421
30.011986
30.011696
30.011557
30.011555
30.01162
30.0117
30.011754
30.011752
30.01169
30.011585
30.011465
30.011374
30.01134
30.011369
30.011462
30.011567
30.011625
30.011576
30.011378
30.011016
30.010505
30.009891
30.009248
30.008668
30.008202
30.007902
30.00777
30.007787
30.007915
30.008108
30.00831
30.008479
30.008603
30.008688
30.008779
30.008906
30.009111
30.009405
30.009779
30.010186
30.010575
30.010889
30.011085
30.011136
30.011039
30.010816
30.010537
30.010275
30.010101
30.010086
30.010245
30.010568
30.011025
30.011556
30.012113
30.012661
30.013154
30.013595
30.014003
30.014413
30.014851
30.015353
30.015909
30.016494
30.017071
30.017576
30.017945
30.018131
30.018123
30.01795
30.017673
30.017359
30.017076
30.016893
30.016862
30.01698
30.017228
30.01755
30.017903
30.018238
30.018515
30.018726
30.018898
30.019056
30.019234
30.019458
30.019749
30.020082
30.020405
30.020661
30.02079
30.020749
30.020528
30.020139
30.019615
30.019017
30.018412
30.017886
30.017483
30.017236
30.01713
30.017133
30.017184
30.017235
30.01725
30.017218
30.017153
30.017082
30.017024
30.017032
30.017123
30.017294
30.017503
30.017703
30.017837
30.017848
30.017695
30.017387
30.01695
30.016424
30.015897
30.015432
30.015096
30.014917
30.014879
30.014967
30.01513
30.015312
30.015468
30.015567
30.015602
30.015605
30.01562
30.015678
30.015821
30.016042
30.016317
30.016593
30.016827
30.016954
30.016927
30.016714
30.016328
30.01582
30.015267
30.014744
30.014326
30.014049
30.013922
30.013928
30.014017
30.014132
30.014229
30.014275
30.014246
30.01416
30.014035
30.013916
30.013841
30.013817
30.013834
30.013863
30.013848
30.013729
30.013447
30.012977
30.012339
30.01157
30.010738
30.009928
30.009224
30.008687
30.008339
30.008162
30.008118
30.008157
30.008225
30.008259
30.008249
30.008207
30.008158
30.00814
30.008183
30.008321
30.008548
30.008837
30.009131
30.009369
30.009489
30.009447
30.009231
30.008868
30.008422
30.007956
30.007557
30.007287
30.007175
30.007236
30.007446
30.007764
30.008139
30.008514
30.008863
30.009184
30.009477
30.009777
30.010129
30.010565
30.011091
30.011672
30.012265
30.012819
30.013261
30.013537
30.01361
30.013512
30.013284
30.012982
30.012701
30.012511
30.012466
30.012567
30.012811
30.013141
30.013511
30.01385
30.014123
30.014323
30.014444
30.014522
30.014599
30.014727
30.014944
30.015223
30.015544
30.015853
30.016076
30.016159
30.016046
30.015751
30.015291
30.014732
30.014163
30.013671
30.013301
30.013083
30.013022
30.01308
30.013192
30.013308
30.013372
30.013358
30.013287
30.013174
30.013066
30.013018
30.013052
30.013163
30.013332
30.013523
30.013673
30.013702
30.013567
30.013258
30.012807
30.012257
30.011681
30.011168
30.010785
30.010578
30.010563
30.010729
30.011011
30.011356
30.01169
30.011972
30.012191
30.012357
30.012514
30.012715
30.012978
30.013337
30.013777
30.014251
30.014706
30.015065
30.015274
30.015311
30.015182
30.014929
30.014624
30.014339
30.014145
30.014096
30.014228
30.014529
30.014951
30.015457
30.015978
30.016466
30.016899
30.017281
30.017633
30.018008
30.018444
30.018952
30.019539
30.020173
30.020792
30.021334
30.021735
30.02195
30.021966
30.021796
30.021489
30.021137
30.020829
30.020632
30.020577
30.020683
30.020926
30.02125
30.021594
30.021909
30.02216
30.02234
30.022479
30.022602
30.022763
30.023001
30.023328
30.023733
30.024171
30.02457
30.024878
30.025041
30.025019
30.024823
30.024481
30.024071
30.023672
30.02336
30.023192
30.023171
30.023299
30.023517
30.023783
30.024026
30.02421
30.024329
30.024395
30.024437
30.024496
30.024601
30.024774
30.025012
30.025294
30.025551
30.02573
30.025757
30.0256
30.025252
30.02475
30.024143
30.023505
30.022928
30.022462
30.022145
30.021982
30.021939
30.021972
30.022025
30.02204
30.021973
30.021828
30.021609
30.021356
30.021119
30.020935
30.020811
30.020737
30.020666
30.02053
30.020276
30.019851
30.019253
30.018484
30.017602
30.016673
30.015781
30.015007
30.014393
30.013949
30.013662
30.013482
30.013369
30.013258
30.013115
30.012916
30.012661
30.012387
30.01214
30.011954
30.011836
30.011772
30.011733
30.011662
30.011496
30.011193
30.010703
30.010049
30.009249
30.008374
30.007497
30.00669
30.006025
30.005535
30.005225
30.005056
30.004982
30.004946
30.004904
30.004824
30.004716
30.004608
30.004518
30.004499
30.004567
30.004719
30.00493
30.005147
30.005309
30.005375
30.005296
30.005055
30.004662
30.00418
30.003676
30.003238
30.002912
30.002748
30.002747
30.002886
30.003128
30.003408
30.003676
30.00391
30.004097
30.004242
30.004389
30.004587
30.004871
30.005249
30.005709
30.006219
30.006704
30.007106
30.007366
30.00746
30.00739
30.007198
30.006953
30.006725
30.006586
30.006571
30.006703
30.006978
30.007373
30.007832
30.008296
30.008717
30.009078
30.009369
30.009617
30.009863
30.010154
30.010508
30.01092
30.011366
30.011794
30.012144
30.012358
30.012412
30.012289
30.012018
30.011658
30.011292
30.011
30.01084
30.010854
30.011036
30.011341
30.011714
30.012113
30.01247
30.012753
30.012955
30.013091
30.01321
30.013348
30.013532
30.013765
30.014031
30.014279
30.014456
30.014505
30.014385
30.014087
30.013626
30.01305
30.012419
30.011813
30.011309
30.010965
30.010784
30.010766
30.010855
30.011005
30.011163
30.011288
30.011368
30.011412
30.011446
30.011505
30.011619
30.011806
30.012044
30.012299
30.012507
30.012606
30.012548
30.012321
30.011917
30.011371
30.010746
30.010129
30.009585
30.009177
30.008935
30.00886
30.008913
30.009043
30.009195
30.009324
30.009398
30.009429
30.009425
30.009432
30.009499
30.009645
30.009865
30.010119
30.010376
30.010576
30.010658
30.010561
30.010278
30.009842
30.0093
30.008725
30.008208
30.0078
30.007535
30.007421
30.007423
30.007514
30.007634
30.007739
30.007812
30.007842
30.007856
30.007876
30.007952
30.008104
30.008346
30.008668
30.009026
30.009368
30.009637
30.009776
30.009759
30.009589
30.009325
30.00903
30.008772
30.008635
30.008663
30.008887
30.009288
30.009816
30.010409
30.011005
30.011554
30.012037
30.012459
30.012862
30.013276
30.013741
30.014271
30.014855
30.015468
30.016053
30.016552
30.016903
30.017082
30.017092
30.016955
30.016728
30.01649
30.016319
30.016274
30.016378
30.016628
30.017
30.017439
30.017884
30.018288
30.018618
30.018883
30.019093
30.019293
30.019515
30.019784
30.020101
30.020447
30.020771
30.021003
30.021088
30.020971
30.020653
30.020153
30.019526
30.018853
30.018211
30.017679
30.017312
30.017114
30.017065
30.017131
30.017247
30.017363
30.017442
30.017473
30.017449
30.017402
30.017374
30.017413
30.01752
30.017694
30.017897
30.018065
30.018132
30.018033
30.017758
30.017302
30.016702
30.016024
30.015354
30.014776
30.014333
30.014056
30.013927
30.013914
30.013954
30.013998
30.014009
30.01396
30.013865
30.013756
30.013675
30.013668
30.013753
30.013924
30.014138
30.014345
30.014472
30.014465
30.014286
30.013928
30.013406
30.012773
30.012105
30.011494
30.011012
30.01069
30.010533
30.010503
30.010554
30.010629
30.010668
30.010644
30.010555
30.010418
30.010266
30.010141
30.010093
30.01012
30.010205
30.010314
30.010385
30.010357
30.010183
30.009849
30.009367
30.008766
30.008123
30.007514
30.007017
30.006685
30.006538
30.006571
30.006739
30.00697
30.007209
30.007413
30.007569
30.007685
30.007803
30.007955
30.008182
30.008497
30.008906
30.009378
30.009851
30.010262
30.010546
30.010658
30.010601
30.0104
30.010129
30.009864
30.00968
30.00965
30.009807
30.010137
30.01061
30.011179
30.011775
30.012341
30.012855
30.013318
30.013733
30.014136
30.014574
30.015065
30.015619
30.01621
30.016779
30.017268
30.01763
30.017802
30.017772
30.017555
30.017183
30.016738
30.016316
30.015993
30.015822
30.015823
30.015971
30.016211
30.016479
30.016728
30.016922
30.017051
30.017129
30.017184
30.017273
30.017421
30.017646
30.017941
30.018266
30.018571
30.018783
30.018832
30.018687
30.018344
30.017842
30.017248
30.016632
30.016084
30.015652
30.015371
30.015246
30.015241
30.015293
30.015352
30.015361
30.015316
30.015212
30.015066
30.014926
30.01483
30.014822
30.014898
30.015037
30.015184
30.015282
30.01527
30.015105
30.014774
30.01429
30.013718
30.013127
30.012588
30.012171
30.011908
30.011821
30.011887
30.012049
30.012246
30.012429
30.012563
30.012621
30.01262
30.012611
30.012629
30.012704
30.012856
30.013079
30.013352
30.013603
30.013763
30.013778
30.013614
30.013282
30.012831
30.012334
30.011866
30.011483
30.011244
30.011172
30.011246
30.011447
30.011721
30.011993
30.012221
30.012393
30.012502
30.012578
30.012662
30.012786
30.012972
30.01322
30.013508
30.013767
30.013947
30.013991
30.013862
30.01355
30.013091
30.012547
30.012003
30.011525
30.011178
30.011008
30.011028
30.011193
30.011446
30.011743
30.012031
30.01227
30.01245
30.012581
30.012707
30.012879
30.013118
30.013437
30.013809
30.014196
30.014516
30.014724
30.014773
30.01463
30.014308
30.01386
30.013342
30.012835
30.012402
30.012105
30.011952
30.011947
30.012036
30.012178
30.012322
30.012428
30.012486
30.012505
30.012513
30.012548
30.012654
30.012848
30.013121
30.013448
30.013774
30.014021
30.014133
30.014069
30.013821
30.013438
30.012979
30.012509
30.01211
30.011844
30.011722
30.011745
30.011878
30.012074
30.012279
30.012449
30.012556
30.012593
30.012577
30.012557
30.012569
30.01264
30.012772
30.012948
30.013117
30.013242
30.013261
30.013129
30.012814
30.012333
30.011737
30.011102
30.010504
30.010018
30.00968
30.009481
30.009407
30.009396
30.009398
30.009373
30.009294
30.009159
30.008983
30.008798
30.008645
30.008538
30.008504
30.008525
30.008552
30.008531
30.008421
30.008157
30.007713
30.007107
30.006391
30.005626
30.004894
30.004272
30.003801
30.003509
30.003392
30.003412
30.003517
30.00365
30.003764
30.003846
30.0039
30.00395
30.004031
30.004186
30.00443
30.00477
30.005158
30.005538
30.005852
30.006038
30.00607
30.005949
30.005697
30.00537
30.005045
30.0048
30.00469
30.004757
30.004991
30.005365
30.005835
30.006351
30.006872
30.007369
30.007835
30.008286
30.00875
30.009284
30.009913
30.010633
30.011426
30.012238
30.012993
30.013618
30.014078
30.01435
30.014438
30.014402
30.01429
30.014194
30.014182
30.014305
30.014563
30.014934
30.015384
30.015864
30.016341
30.016768
30.017131
30.017438
30.017729
30.018055
30.018436
30.018886
30.019394
30.019918
30.020408
30.020807
30.021059
30.02114
30.021038
30.020782
30.020449
30.020118
30.019867
30.019735
30.019748
30.019889
30.020124
30.020407
30.020685
30.020918
30.021077
30.021158
30.021195
30.021235
30.021327
30.021493
30.021729
30.022012
30.022289
30.022486
30.022547
30.022451
30.022185
30.021778
30.021274
30.020743
30.020255
30.019882
30.019657
30.019601
30.019694
30.019878
30.020094
30.020275
30.02039
30.020436
30.020429
30.020415
30.020416
30.020462
30.020559
30.020693
30.020834
30.020925
30.020887
30.020665
30.020256
30.01966
30.018937
30.01815
30.017386
30.016727
30.016214
30.015859
30.015649
30.015554
30.015513
30.01546
30.015366
30.015223
30.01503
30.014821
30.014639
30.014518
30.014479
30.014505
30.014561
30.014604
30.014565
30.014377
30.014011
30.013446
30.012726
30.011905
30.011078
30.010317
30.009694
30.009243
30.008966
30.008829
30.008782
30.00877
30.008749
30.008705
30.008626
30.00854
30.008486
30.008492
30.008598
30.00881
30.0091
30.009406
30.009665
30.00983
30.00985
30.009706
30.009406
30.008994
30.008542
30.008141
30.007856
30.007737
30.007781
30.007984
30.008284
30.008616
30.00893
30.009189
30.009381
30.009519
30.009649
30.009821
30.010075
30.010421
30.010846
30.011321
30.011771
30.01214
30.012385
30.012462
30.012373
30.012161
30.011879
30.011601
30.011404
30.011342
30.011438
30.011686
30.012044
30.012459
30.012874
30.013244
30.013536
30.013745
30.013905
30.014058
30.014239
30.014471
30.014755
30.015071
30.015371
30.01558
30.015645
30.015513
30.01518
30.014668
30.014049
30.013397
30.012806
30.012327
30.012014
30.011869
30.011871
30.011969
30.012083
30.012154
30.012157
30.012072
30.011922
30.011744
30.011585
30.011477
30.011429
30.011446
30.011492
30.011508
30.01143
30.011194
30.010774
30.010171
30.009442
30.008651
30.007885
30.007224
30.00671
30.006373
30.006212
30.006188
30.006233
30.006295
30.006332
30.006333
30.006288
30.006245
30.00624
30.006315
30.006486
30.006743
30.007042
30.00733
30.007534
30.007599
30.007487
30.00719
30.006743
30.00619
30.005606
30.005082
30.004684
30.004462
30.004414
30.004515
30.00471
30.004937
30.005147
30.005306
30.005403
30.005453
30.0055
30.005579
30.005734
30.005978
30.006301
30.00666
30.006985
30.007207
30.007275
30.007173
30.006925
30.006574
30.006169
30.005785
30.005496
30.005356
30.005367
30.005527
30.005798
30.00611
30.006412
30.006647
30.006808
30.006909
30.006998
30.007111
30.007292
30.007557
30.007896
30.008284
30.008665
30.008981
30.009186
30.009232
30.009123
30.008879
30.008575
30.008284
30.008081
30.008036
30.008183
30.008507
30.008975
30.009543
30.010138
30.010723
30.011252
30.011728
30.012169
30.012609
30.013075
30.013602
30.014199
30.014836
30.015472
30.016039
30.016489
30.01677
30.016863
30.016795
30.016623
30.016412
30.016247
30.016189
30.016285
30.016549
30.016951
30.017431
30.017926
30.018384
30.018769
30.019074
30.01931
30.019506
30.019704
30.01995
30.020246
30.02059
30.020946
30.021249
30.021436
30.021442
30.021241
30.020852
30.020312
30.019686
30.019045
30.018477
30.018048
30.017785
30.017673
30.017677
30.017752
30.017843
30.01791
30.017921
30.01789
30.017846
30.017809
30.017833
30.017936
30.018116
30.018331
30.018534
30.01867
30.018664
30.01848
30.01813
30.017628
30.017038
30.01643
30.015893
30.015473
30.015206
30.015094
30.015121
30.015235
30.015377
30.015501
30.015575
30.015591
30.01558
30.015585
30.015636
30.015775
30.016011
30.016316
30.01665
30.016962
30.01718
30.017253
30.01716
30.016908
30.016543
30.016133
30.015753
30.015474
30.01533
30.015344
30.015496
30.015732
30.016008
30.016273
30.016489
30.016627
30.016704
30.01675
30.016806
30.016905
30.017069
30.017278
30.017499
30.01769
30.0178
30.017776
30.017581
30.017226
30.016739
30.01618
30.015633
30.015177
30.01487
30.014737
30.014773
30.014936
30.015175
30.015431
30.015658
30.015824
30.015921
30.015983
30.016051
30.016158
30.016344
30.016604
30.016914
30.017238
30.017512
30.017671
30.017671
30.017495
30.017174
30.016767
30.016357
30.016006
30.015778
30.015702
30.015795
30.016049
30.01642
30.016836
30.017242
30.017613
30.01795
30.018253
30.018559
30.018896
30.019284
30.019737
30.020246
30.02077
30.021241
30.02159
30.021768
30.021743
30.021529
30.021159
30.020714
30.020275
30.019903
30.019643
30.019527
30.019539
30.019649
30.019795
30.01993
30.020001
30.020005
30.019939
30.01984
30.019735
30.019664
30.019655
30.019711
30.019797
30.019869
30.019859
30.019715
30.019404
30.018919
30.018279
30.017535
30.016765
30.016043
30.015429
30.014961
30.014633
30.014418
30.014276
30.014157
30.014024
30.013847
30.013623
30.013369
30.013115
30.01292
30.012808
30.012781
30.012817
30.012867
30.012871
30.012772
30.012526
30.01212
30.011569
30.010918
30.010242
30.009615
30.009109
30.008759
30.008588
30.008574
30.00868
30.008838
30.008997
30.009119
30.009193
30.009227
30.009249
30.009296
30.009414
30.009618
30.009901
30.010219
30.010523
30.010754
30.010857
30.010789
30.010557
30.010207
30.009792
30.009391
30.009079
30.008911
30.008911
30.009071
30.009351
30.009697
30.01005
30.010365
30.01061
30.010796
30.010951
30.011113
30.011313
30.011573
30.011889
30.012242
30.012578
30.012842
30.012958
30.012888
30.012626
30.012189
30.01163
30.011025
30.010451
30.009985
30.009681
30.009542
30.009548
30.009647
30.009779
30.009898
30.009969
30.009984
30.009958
30.009934
30.00995
30.010029
30.01019
30.01041
30.010652
30.010852
30.010963
30.010934
30.010729
30.010361
30.009858
30.0093
30.008766
30.008332
30.008054
30.007953
30.008006
30.008175
30.008393
30.008608
30.00878
30.008899
30.008975
30.009033
30.009131
30.009308
30.009578
30.009946
30.010363
30.010773
30.011116
30.011312
30.011322
30.011155
30.010824
30.010392
30.009929
30.009522
30.009239
30.009108
30.00913
30.009268
30.009473
30.009689
30.009856
30.009947
30.009978
30.009963
30.009949
30.00997
30.010054
30.010218
30.010439
30.010682
30.010881
30.010974
30.010914
30.010685
30.010299
30.009803
30.009269
30.008788
30.008429
30.008242
30.008222
30.008349
30.008584
30.008878
30.009157
30.009383
30.00953
30.009612
30.00968
30.009769
30.009927
30.010167
30.0105
30.010878
30.011247
30.011531
30.011672
30.011633
30.011423
30.011069
30.010633
30.010196
30.009857
30.009669
30.009672
30.009853
30.010166
30.010571
30.011003
30.01141
30.011753
30.012041
30.012298
30.012562
30.012876
30.013275
30.013748
30.014283
30.014818
30.015288
30.015629
30.015793
30.015767
30.01558
30.015293
30.014971
30.0147
30.014545
30.014551
30.014732
30.015059
30.015489
30.015954
30.016398
30.0168
30.017143
30.017433
30.017713
30.018031
30.018424
30.0189
30.019446
30.020015
30.020554
30.020987
30.021244
30.021307
30.021169
30.020883
30.020508
30.020126
30.019801
30.019597
30.019541
30.019616
30.01979
30.019999
30.020195
30.020341
30.020412
30.020423
30.020406
30.020405
30.02045
30.020564
30.020746
30.020975
30.021199
30.021345
30.021357
30.021198
30.020859
30.020374
30.019789
30.019194
30.018658
30.01823
30.017966
30.017865
30.017892
30.017996
30.018122
30.018209
30.018211
30.018132
30.017992
30.017846
30.017732
30.017681
30.017713
30.017809
30.017915
30.017973
30.017924
30.017724
30.017362
30.016831
30.016185
30.015483
30.014808
30.014237
30.013812
30.01356
30.013461
30.013464
30.013508
30.013548
30.013548
30.013483
30.01337
30.01324
30.013136
30.01309
30.013122
30.013215
30.013332
30.013414
30.013414
30.013263
30.012932
30.012418
30.01176
30.011024
30.010299
30.009651
30.009146
30.008813
30.008654
30.008648
30.008722
30.008838
30.008931
30.008986
30.008994
30.008983
30.008994
30.009056
30.00919
30.009412
30.009695
30.010001
30.010264
30.010418
30.010417
30.010244
30.009911
30.009462
30.008972
30.008532
30.008192
30.008006
30.007975
30.008082
30.008289
30.008534
30.008766
30.008965
30.009118
30.00925
30.009398
30.009607
30.009895
30.010269
30.010719
30.011199
30.011656
30.012031
30.012267
30.012339
30.012232
30.011992
30.011673
30.011356
30.011116
30.011012
30.011064
30.011253
30.01154
30.011878
30.012211
30.012517
30.012759
30.012948
30.013092
30.013234
30.013424
30.013682
30.014003
30.014364
30.014713
30.014992
30.015159
30.015167
30.015001
30.01469
30.014293
30.013875
30.013503
30.013245
30.013132
30.013166
30.013328
30.013567
30.013823
30.014052
30.014219
30.014319
30.014364
30.014403
30.014472
30.014597
30.014796
30.015048
30.015316
30.015538
30.015649
30.015604
30.015389
30.015013
30.014525
30.013981
30.013457
30.013033
30.012763
30.012651
30.012697
30.012862
30.013077
30.013291
30.013465
30.013586
30.013664
30.013726
30.013809
30.013925
30.014097
30.014308
30.014527
30.014712
30.014796
30.014731
30.014485
30.014054
30.013475
30.012814
30.01214
30.011543
30.01107
30.010754
30.0106
30.010571
30.01062
30.010693
30.010747
30.010749
30.010696
30.010618
30.010559
30.010551
30.010617
30.010773
30.010975
30.011173
30.011311
30.01133
30.011188
30.010874
30.010402
30.009837
30.009251
30.008713
30.008295
30.008031
30.00794
30.008002
30.00816
30.008369
30.008578
30.008747
30.008881
30.008987
30.009103
30.00926
30.009498
30.009826
30.010233
30.010674
30.011094
30.011438
30.011645
30.011691
30.011579
30.01135
30.011071
30.010815
30.010652
30.010633
30.010777
30.011058
30.011437
30.011865
30.012285
30.012654
30.012959
30.013209
30.013428
30.013655
30.013936
30.014285
30.014715
30.015196
30.01567
30.016076
30.016349
30.016447
30.016356
30.016106
30.015759
30.0154
30.015091
30.014898
30.014868
30.014996
30.015243
30.015555
30.015876
30.01616
30.016376
30.016516
30.016615
30.016697
30.016799
30.016951
30.017171
30.017438
30.0177
30.017899
30.017976
30.01787
30.017576
30.01711
30.016524
30.015896
30.015302
30.014818
30.01448
30.014297
30.014252
30.014295
30.014369
30.01443
30.014426
30.014356
30.014238
30.014102
30.013992
30.01394
30.013966
30.014071
30.014213
30.01433
30.014353
30.014234
30.013941
30.013468
30.012853
30.012161
30.011479
30.010872
30.010407
30.010111
30.009987
30.009994
30.010084
30.0102
30.010296
30.010359
30.010378
30.010379
30.010404
30.010497
30.010677
30.010952
30.011294
30.011644
30.011939
30.012099
30.012081
30.011876
30.011518
30.01105
30.010544
30.010093
30.009762
30.009601
30.009607
30.009757
30.009996
30.010261
30.010505
30.010693
30.010816
30.010888
30.010953
30.011049
30.011217
30.011472
30.011804
30.012171
30.01252
30.012777
30.012889
30.012818
30.012574
30.012205
30.011767
30.011339
30.010998
30.010802
30.010772
30.010904
30.011157
30.011477
30.011789
30.012052
30.012254
30.012407
30.012535
30.012696
30.012912
30.013218
30.013604
30.014023
30.014423
30.014748
30.014937
30.014967
30.014822
30.014531
30.014153
30.01377
30.013444
30.013258
30.013234
30.013386
30.013686
30.014074
30.014485
30.014851
30.01514
30.015346
30.015503
30.015636
30.015801
30.016022
30.016316
30.016658
30.016994
30.017265
30.01741
30.017387
30.017166
30.016764
30.016235
30.015638
30.015057
30.01457
30.014236
30.01406
30.014044
30.014132
30.01426
30.014365
30.014414
30.014401
30.014343
30.014268
30.014219
30.014224
30.014306
30.014462
30.014653
30.014831
30.014926
30.014866
30.01462
30.014187
30.013585
30.012887
30.012166
30.011515
30.011002
30.010657
30.010482
30.010441
30.010466
30.010507
30.010522
30.010483
30.010387
30.010266
30.010147
30.010084
30.010102
30.010197
30.010367
30.010554
30.010697
30.010734
30.010636
30.010367
30.009959
30.009452
30.008918
30.008428
30.008053
30.007825
30.00775
30.00781
30.007971
30.008169
30.008339
30.008448
30.008491
30.008483
30.008455
30.008446
30.008505
30.00865
30.008857
30.009088
30.009279
30.009367
30.009302
30.009072
30.008667
30.008123
30.007519
30.00692
30.006407
30.006041
30.005848
30.005809
30.005886
30.006049
30.00624
30.006394
30.006482
30.006518
30.006513
30.006513
30.006551
30.006671
30.006868
30.007118
30.007385
30.007607
30.00772
30.007676
30.00748
30.007154
30.006756
30.006364
30.006056
30.005907
30.005952
30.006177
30.006571
30.007065
30.007606
30.008137
30.008629
30.009082
30.009513
30.009952
30.010423
30.01096
30.011571
30.012242
30.012925
30.013568
30.014095
30.014453
30.014621
30.014589
30.014406
30.014147
30.013891
30.013711
30.013664
30.013772
30.01403
30.014379
30.01477
30.01515
30.015461
30.015694
30.015864
30.015998
30.016139
30.016317
30.016553
30.016829
30.01711
30.017338
30.017466
30.017446
30.017244
30.016855
30.016316
30.015675
30.015005
30.0144
30.01391
30.013571
30.013389
30.01333
30.013348
30.013371
30.013363
30.013295
30.013167
30.012995
30.01283
30.012708
30.012657
30.012696
30.012785
30.012892
30.012941
30.01289
30.012696
30.012327
30.011797
30.011159
30.010487
30.009857
30.009326
30.008952
30.008741
30.008676
30.008723
30.008818
30.008912
30.008969
30.008979
30.00897
30.008965
30.008998
30.009112
30.009319
30.009594
30.009913
30.010206
30.010419
30.010515
30.01045
30.010228
30.009892
30.009513
30.00918
30.00896
30.0089
30.009034
30.009347
30.009788
30.010299
30.010818
30.011294
30.01171
30.012072
30.012402
30.012736
30.0131
30.013514
30.013993
30.014509
30.015008
30.015428
30.015711
30.015829
30.015767
30.015553
30.015228
30.014862
30.014542
30.014336
30.014272
30.014354
30.014561
30.014842
30.015137
30.0154
30.015599
30.015745
30.015847
30.015948
30.016082
30.016273
30.016521
30.016824
30.017126
30.017369
30.017491
30.017448
30.017228
30.016843
30.016343
30.015783
30.015244
30.014803
30.014516
30.014405
30.014447
30.014606
30.014831
30.015066
30.015268
30.015423
30.015522
30.015611
30.015726
30.015892
30.01613
30.016434
30.016781
30.0171
30.017339
30.017441
30.017366
30.017124
30.016742
30.016282
30.015807
30.015401
30.015128
30.015014
30.015041
30.015174
30.015367
30.015566
30.01573
30.015846
30.015905
30.015938
30.015968
30.01603
30.016167
30.016376
30.016636
30.016892
30.017087
30.017144
30.017024
30.01672
30.016248
30.01566
30.015031
30.014438
30.013956
30.013623
30.013443
30.013403
30.013451
30.01353
30.013578
30.013566
30.013474
30.013323
30.013165
30.013042
30.012965
30.01296
30.012992
30.013034
30.01303
30.01292
30.012662
30.012228
30.011634
30.010915
30.010134
30.009377
30.008726
30.008221
30.007892
30.00772
30.007673
30.007702
30.007754
30.00777
30.007739
30.007675
30.007604
30.007564
30.007602
30.007733
30.007967
30.008257
30.008546
30.008777
30.008887
30.008833
30.008621
30.008276
30.007856
30.00744
30.007108
30.006917
30.006907
30.00707
30.007378
30.00779
30.008235
30.008662
30.009046
30.00939
30.009695
30.010018
30.010382
30.010821
30.011343
30.011917
30.012498
30.013021
30.013416
30.013636
30.013665
30.013514
30.013229
30.012884
30.012573
30.012346
30.012259
30.012332
30.012543
30.012836
30.013167
30.013467
30.013701
30.013863
30.013966
30.014041
30.014144
30.014302
30.014533
30.014833
30.015159
30.015464
30.015675
30.015741
30.015623
30.015317
30.01484
30.014261
30.013652
30.013106
30.01269
30.012433
30.012339
30.01237
30.012478
30.012589
30.012664
30.012676
30.012621
30.012517
30.012414
30.012349
30.012366
30.012464
30.012602
30.012733
30.012803
30.012755
30.012548
30.012171
30.011641
30.011004
30.010337
30.009715
30.00921
30.008859
30.008685
30.008649
30.0087
30.008782
30.00885
30.008853
30.008789
30.008658
30.008514
30.0084
30.008362
30.008401
30.008516
30.008667
30.00879
30.008819
30.008704
30.008414
30.007944
30.00733
30.006639
30.005958
30.005369
30.004916
30.00463
30.004511
30.004521
30.004595
30.004679
30.004735
30.00475
30.004716
30.004663
30.004633
30.004655
30.004752
30.004939
30.005171
30.005399
30.005564
30.005609
30.00549
30.005198
30.004745
30.004199
30.003646
30.003153
30.002787
30.002597
30.002578
30.002708
30.00293
30.003181
30.003414
30.003611
30.003757
30.003881
30.004019
30.004218
30.004511
30.004905
30.005383
30.005898
30.006393
30.006792
30.007057
30.007161
30.007106
30.006931
30.006705
30.006498
30.006379
30.006402
30.006583
30.006916
30.007356
30.007851
30.008358
30.008828
30.009242
30.009604
30.009954
30.010322
30.010748
30.011262
30.011849
30.012459
30.01304
30.013532
30.013875
30.014027
30.013997
30.01381
30.013527
30.013231
30.013
30.012896
30.012942
30.013136
30.013439
30.013799
30.014159
30.014494
30.014768
30.014971
30.015116
30.015248
30.015404
30.015627
30.015931
30.016289
30.016646
30.01694
30.017111
30.017113
30.016935
30.016589
30.016123
30.015612
30.015131
30.014754
30.014535
30.014475
30.014554
30.014738
30.014962
30.015175
30.015341
30.01545
30.015513
30.015575
30.01567
30.015823
30.016034
30.016302
30.01659
30.016834
30.016968
30.016946
30.016736
30.016335
30.01578
30.015139
30.0145
30.013928
30.013492
30.01322
30.013097
30.01309
30.013152
30.013213
30.013237
30.013197
30.013091
30.012956
30.012819
30.012737
30.012715
30.012758
30.012848
30.012937
30.012953
30.012843
30.012569
30.012124
30.011525
30.010839
30.010121
30.009465
30.008922
30.008549
30.008347
30.00828
30.008316
30.008395
30.008451
30.008455
30.008417
30.00835
30.008297
30.008291
30.008355
30.008508
30.008741
30.008994
30.009223
30.009357
30.009346
30.009172
30.008844
30.008406
30.00793
30.007488
30.007152
30.006975
30.006975
30.007143
30.007437
30.007801
30.008174
30.00853
30.008846
30.009125
30.009387
30.009684
30.010035
30.010473
30.010984
30.01154
30.012081
30.012547
30.012892
30.013068
30.013077
30.012941
30.012715
30.01248
30.012313
30.012272
30.012398
30.012682
30.013081
30.013539
30.013997
30.01441
30.014762
30.015042
30.01528
30.015514
30.015776
30.016106
30.016498
30.016929
30.017361
30.017731
30.017977
30.018035
30.017896
30.017576
30.017126
30.016622
30.016141
30.015742
30.015466
30.015324
30.015306
30.015381
30.015491
30.015588
30.015622
30.015589
30.015506
30.015405
30.015327
30.015304
30.01534
30.015439
30.015547
30.015607
30.015577
30.015391
30.01502
30.014483
30.013813
30.013077
30.012358
30.011721
30.011214
30.010869
30.010672
30.010592
30.010568
30.01055
30.010503
30.0104
30.010238
30.010054
30.009891
30.009785
30.009757
30.009809
30.009919
30.010035
30.010084
30.009991
30.009725
30.009278
30.008688
30.00802
30.007342
30.006726
30.006222
30.005868
30.005669
30.005612
30.005645
30.00571
30.005763
30.005771
30.005727
30.005661
30.005616
30.005623
30.005705
30.005876
30.006112
30.006355
30.006547
30.006642
30.006592
30.00638
30.006014
30.00554
30.005013
30.004527
30.004135
30.003895
30.003828
30.00391
30.004087
30.004314
30.004538
30.00472
30.004832
30.004887
30.004933
30.005007
30.005152
30.005384
30.005695
30.00604
30.006368
30.006606
30.0067
30.00663
30.006401
30.006041
30.005605
30.005176
30.004831
30.004627
30.004589
30.004712
30.004972
30.005313
30.005672
30.006019
30.006314
30.006563
30.00679
30.007029
30.007326
30.007712
30.008175
30.008704
30.009236
30.009722
30.010094
30.010299
30.010321
30.010186
30.009952
30.009702
30.009515
30.009451
30.009552
30.00981
30.0102
30.010681
30.011202
30.011708
30.012155
30.012548
30.01289
30.013223
30.013575
30.013988
30.014472
30.015017
30.015579
30.016088
30.016475
30.016691
30.016719
30.01657
30.016271
30.015884
30.01549
30.015172
30.014969
30.014913
30.015003
30.015202
30.015445
30.01568
30.015851
30.015952
30.015998
30.016018
30.016037
30.016106
30.016248
30.016458
30.016699
30.016922
30.017057
30.01705
30.016867
30.016501
30.015987
30.015372
30.01473
30.014151
30.013687
30.013389
30.013261
30.013263
30.013346
30.013454
30.013526
30.013533
30.013473
30.013365
30.013239
30.013138
30.013111
30.013158
30.013278
30.013415
30.01351
30.0135
30.01334
30.013
30.012495
30.011877
30.011205
30.010559
30.010018
30.009639
30.009444
30.00941
30.009481
30.009614
30.009754
30.009862
30.009908
30.009906
30.009886
30.009904
30.009986
30.010168
30.01044
30.010755
30.011061
30.011302
30.011416
30.011361
30.011127
30.010763
30.010325
30.009894
30.009548
30.009345
30.009325
30.009497
30.009811
30.010208
30.010623
30.011008
30.011327
30.011588
30.011817
30.012052
30.012322
30.012664
30.013089
30.013567
30.014058
30.014494
30.014809
30.014972
30.014946
30.014759
30.014455
30.014104
30.013795
30.013596
30.013555
30.013687
30.013965
30.014348
30.014766
30.015149
30.015462
30.015697
30.015885
30.016051
30.016249
30.016503
30.016829
30.017218
30.017631
30.018016
30.018302
30.018436
30.018363
30.0181
30.017681
30.017171
30.016656
30.01622
30.015904
30.015741
30.015732
30.01584
30.016017
30.016189
30.016301
30.01633
30.016295
30.016213
30.016131
30.016087
30.016108
30.016213
30.016361
30.016504
30.016587
30.016552
30.016341
30.015948
30.01539
30.014738
30.014064
30.013441
30.012941
30.012598
30.012418
30.012381
30.012438
30.012528
30.012589
30.012591
30.012532
30.012444
30.012354
30.012301
30.012328
30.012451
30.012645
30.01287
30.013061
30.013151
30.013092
30.012852
30.012445
30.011901
30.011303
30.01071
30.010224
30.009882
30.009709
30.009704
30.009808
30.009976
30.010135
30.010249
30.010291
30.010277
30.010221
30.01017
30.010159
30.010214
30.010335
30.010486
30.010603
30.010622
30.010496
30.010191
30.009706
30.009077
30.008371
30.007657
30.007005
30.006486
30.006132
30.005946
30.005891
30.00592
30.005976
30.005999
30.005978
30.005908
30.005801
30.005704
30.00567
30.005719
30.005865
30.006082
30.006312
30.006512
30.006615
30.00657
30.006363
30.006002
30.005531
30.005024
30.004571
30.004238
30.004076
30.004099
30.004278
30.004574
30.004932
30.005313
30.005667
30.005976
30.006243
30.006507
30.006799
30.007159
30.007596
30.008101
30.008628
30.009124
30.009534
30.009798
30.009894
30.009824
30.009631
30.009365
30.009104
30.008922
30.008875
30.008983
30.009243
30.009628
30.010084
30.010546
30.010969
30.011335
30.011631
30.011886
30.012139
30.012438
30.0128
30.013237
30.013704
30.014165
30.014541
30.014774
30.01484
30.014726
30.014443
30.014037
30.013583
30.013155
30.01281
30.012605
30.012546
30.012599
30.012736
30.012898
30.013023
30.013099
30.013102
30.013049
30.01299
30.012945
30.012947
30.013002
30.013097
30.013201
30.01324
30.013159
30.012918
30.01249
30.011895
30.01117
30.010396
30.009656
30.009011
30.008505
30.008169
30.007968
30.007875
30.007831
30.007789
30.007714
30.0076
30.007439
30.007265
30.00712
30.007035
30.007033
30.007111
30.007248
30.007393
30.007468
30.007437
30.007256
30.006912
30.006435
30.005884
30.005344
30.004876
30.004543
30.004374
30.004367
30.004501
30.004721
30.004984
30.005239
30.005446
30.005613
30.005763
30.005932
30.006147
30.006427
30.006786
30.007196
30.007601
30.00794
30.008151
30.00819
30.008045
30.007728
30.007289
30.006801
30.00634
30.005981
30.005759
30.005699
30.00578
30.00595
30.006165
30.006357
30.006492
30.006563
30.006584
30.006602
30.006652
30.006761
30.006947
30.007187
30.007446
30.007678
30.007813
30.007803
30.007629
30.007282
30.006812
30.006276
30.005756
30.005311
30.005004
30.004862
30.004864
30.004976
30.005152
30.005337
30.005489
30.005578
30.005617
30.005634
30.005671
30.005774
30.005959
30.006239
30.006567
30.006887
30.007143
30.007274
30.007237
30.00702
30.006654
30.006201
30.005727
30.005318
30.005039
30.004916
30.00495
30.005119
30.00537
30.00566
30.005937
30.006164
30.006329
30.006462
30.006585
30.006751
30.00698
30.007288
30.007648
30.008022
30.008364
30.008603
30.008689
30.008603
30.008354
30.007987
30.007574
30.007188
30.006901
30.006766
30.006785
30.006938
30.007189
30.007472
30.00774
30.007972
30.008154
30.008294
30.008417
30.008559
30.008766
30.009052
30.009409
30.009794
30.010141
30.010378
30.010458
30.010347
30.010039
30.009573
30.009014
30.008432
30.007917
30.007534
30.007312
30.007253
30.007318
30.007458
30.007635
30.007783
30.007888
30.00794
30.007969
30.008015
30.008126
30.008318
30.008602
30.008951
30.009323
30.009652
30.00987
30.009928
30.009812
30.009549
30.009179
30.00879
30.008448
30.00822
30.008153
30.008245
30.008491
30.008848
30.009246
30.009631
30.009963
30.010246
30.010487
30.010726
30.01101
30.011375
30.011828
30.012356
30.012929
30.01347
30.013922
30.014209
30.014312
30.014219
30.013981
30.013673
30.013371
30.013151
30.013069
30.013146
30.013376
30.013719
30.01412
30.014523
30.014881
30.015164
30.015383
30.015566
30.015753
30.015991
30.016316
30.016717
30.017167
30.017609
30.017964
30.018175
30.018202
30.018036
30.01771
30.017287
30.016835
30.016425
30.016143
30.016017
30.016066
30.016245
30.016502
30.016777
30.017024
30.01721
30.017327
30.01739
30.017427
30.017497
30.017626
30.017832
30.018108
30.018398
30.018637
30.018764
30.018731
30.018508
30.01811
30.017571
30.016955
30.016347
30.015829
30.015461
30.015267
30.015228
30.015307
30.015439
30.015572
30.015668
30.015699
30.015679
30.01564
30.015621
30.015654
30.015761
30.015938
30.016148
30.016324
30.016401
30.016331
30.016062
30.015597
30.014975
30.014265
30.013541
30.012891
30.012383
30.012047
30.011866
30.011806
30.011822
30.011861
30.011862
30.011783
30.011627
30.011415
30.011202
30.011027
30.010921
30.010887
30.010907
30.010952
30.010943
30.010823
30.010535
30.010054
30.009403
30.00862
30.007789
30.006993
30.006295
30.005756
30.005386
30.005169
30.005073
30.005036
30.005009
30.004955
30.004864
30.004748
30.004632
30.004554
30.004543
30.004616
30.004771
30.004965
30.005151
30.005255
30.005224
30.00504
30.00469
30.004223
30.003694
30.003183
30.002751
30.002458
30.002347
30.002411
30.002608
30.002883
30.003176
30.00344
30.003643
30.003793
30.003918
30.004057
30.004238
30.004482
30.004803
30.005177
30.005546
30.005851
30.00603
30.006039
30.005884
30.005573
30.005151
30.004706
30.004307
30.004021
30.003882
30.003908
30.004061
30.004304
30.004577
30.00483
30.005046
30.00521
30.005332
30.005454
30.005609
30.005838
30.006154
30.006527
30.006919
30.007264
30.007494
30.007562
30.007454
30.007178
30.006764
30.006289
30.005832
30.00547
30.005256
30.005214
30.00532
30.005536
30.005813
30.006095
30.006339
30.006532
30.006663
30.006763
30.006889
30.007068
30.007318
30.007634
30.007992
30.00834
30.00862
30.008771
30.008768
30.008596
30.008282
30.007885
30.007468
30.007117
30.006894
30.006826
30.006911
30.007111
30.007393
30.007697
30.007975
30.008209
30.008405
30.008586
30.008785
30.00903
30.009357
30.009756
30.010219
30.010684
30.011088
30.011384
30.01152
30.011481
30.011274
30.010961
30.010611
30.010293
30.010077
30.009995
30.01007
30.010298
30.010636
30.011015
30.011382
30.011696
30.011945
30.012157
30.012354
30.01257
30.012849
30.013204
30.013627
30.014075
30.014495
30.014815
30.014983
30.014977
30.014805
30.014494
30.014119
30.013756
30.013464
30.013303
30.013297
30.013444
30.013703
30.014025
30.014351
30.014656
30.014903
30.015101
30.015274
30.01546
30.015704
30.016022
30.016425
30.016864
30.017288
30.017636
30.017849
30.017885
30.017733
30.017424
30.01702
30.016589
30.0162
30.015922
30.015804
30.015845
30.016006
30.016255
30.016529
30.016799
30.017024
30.017193
30.017315
30.017417
30.017554
30.01775
30.018021
30.018344
30.018662
30.018918
30.019051
30.019016
30.018785
30.018376
30.017822
30.017206
30.016593
30.016066
30.015667
30.015429
30.015317
30.015304
30.01533
30.015333
30.015283
30.015159
30.014981
30.014767
30.014565
30.014412
30.014335
30.014334
30.014357
30.014361
30.01428
30.014068
30.013689
30.013122
30.012408
30.011616
30.010817
30.010084
30.009469
30.008994
30.00867
30.008468
30.008345
30.008249
30.008124
30.007944
30.007709
30.007454
30.007209
30.007011
30.006888
30.006843
30.006858
30.006883
30.006861
30.006735
30.006463
30.006014
30.005424
30.004741
30.004038
30.003387
30.002861
30.002512
30.00234
30.002324
30.002408
30.002549
30.002678
30.002759
30.002784
30.002784
30.002782
30.002833
30.002956
30.003168
30.003459
30.003804
30.00413
30.00438
30.004498
30.00446
30.004269
30.003949
30.003573
30.003199
30.002905
30.002765
30.0028
30.003
30.003321
30.00371
30.004105
30.004463
30.004765
30.005019
30.005248
30.005489
30.005786
30.006154
30.006602
30.007085
30.007547
30.007931
30.008176
30.00824
30.008131
30.007857
30.007482
30.007074
30.006721
30.006487
30.006419
30.006514
30.006748
30.007065
30.007419
30.007759
30.008045
30.008266
30.008451
30.00864
30.00888
30.009206
30.009626
30.010124
30.010654
30.011143
30.011537
30.011763
30.011803
30.011666
30.011398
30.011072
30.01078
30.01059
30.010552
30.010666
30.010927
30.011294
30.011715
30.012116
30.012457
30.012727
30.012938
30.013134
30.01335
30.013629
30.013984
30.014408
30.014873
30.015325
30.015685
30.015899
30.015925
30.015757
30.015427
30.014999
30.01456
30.014192
30.013956
30.01388
30.01396
30.014175
30.014453
30.014736
30.014965
30.015112
30.015176
30.015193
30.015211
30.015262
30.015373
30.015563
30.015808
30.016054
30.016243
30.016296
30.016175
30.015853
30.015352
30.014726
30.014055
30.013416
30.01287
30.012476
30.012242
30.012151
30.012154
30.012192
30.012203
30.012159
30.012039
30.011863
30.011667
30.011495
30.011398
30.011377
30.011433
30.011527
30.011596
30.011556
30.011347
30.010961
30.010396
30.009692
30.008915
30.008152
30.007471
30.006936
30.006596
30.006445
30.006423
30.006482
30.006549
30.006568
30.006513
30.006405
30.006259
30.006122
30.006048
30.006058
30.00615
30.006302
30.00646
30.006567
30.006563
30.006403
30.006077
30.005597
30.00501
30.004409
30.003863
30.003458
30.003223
30.003157
30.003238
30.003411
30.003632
30.003832
30.003994
30.004106
30.004178
30.004253
30.004381
30.004599
30.004917
30.005319
30.00576
30.006168
30.006488
30.006664
30.006657
30.006476
30.006167
30.005786
30.005429
30.005168
30.005056
30.005113
30.005332
30.005668
30.006051
30.006425
30.00675
30.006994
30.007172
30.007313
30.007459
30.007657
30.007909
30.008213
30.008549
30.008868
30.009097
30.00918
30.0091
30.008844
30.008443
30.007959
30.007458
30.007025
30.006706
30.006535
30.006513
30.006623
30.006813
30.007025
30.007195
30.007294
30.00732
30.007308
30.007285
30.007289
30.007366
30.007514
30.007714
30.007929
30.008083
30.008114
30.007983
30.007661
30.007166
30.006551
30.005876
30.005223
30.004673
30.004265
30.004027
30.003941
30.003971
30.004054
30.00414
30.004192
30.004198
30.004169
30.004133
30.004127
30.004179
30.004309
30.004513
30.004769
30.005005
30.005168
30.005202
30.005067
30.004771
30.004361
30.00389
30.003437
30.003059
30.002818
30.002757
30.002868
30.003107
30.00342
30.003748
30.004043
30.004291
30.004479
30.004635
30.004799
30.005017
30.005325
30.005712
30.006149
30.006581
30.006963
30.007228
30.007329
30.007267
30.007049
30.006717
30.006341
30.00601
30.005792
30.005716
30.005803
30.006029
30.006356
30.006733
30.007106
30.007432
30.007697
30.00791
30.008115
30.008343
30.008638
30.00901
30.009452
30.009901
30.01031
30.010609
30.010766
30.010759
30.010592
30.010307
30.009975
30.009668
30.009456
30.009374
30.009462
30.009696
30.010052
30.010458
30.010857
30.011208
30.011495
30.011729
30.011934
30.012149
30.0124
30.01271
30.013074
30.013471
30.013849
30.014152
30.014321
30.014313
30.01412
30.013772
30.013333
30.012886
30.012515
30.012262
30.012174
30.012249
30.012462
30.01276
30.013078
30.01337
30.013601
30.01378
30.013915
30.01405
30.014217
30.014457
30.014764
30.015116
30.015459
30.015734
30.015881
30.015858
30.015636
30.015233
30.014701
30.014119
30.013565
30.013114
30.012805
30.012663
30.01265
30.012718
30.012811
30.012886
30.012892
30.012828
30.012713
30.012562
30.012421
30.012328
30.012306
30.012341
30.012399
30.012421
30.012345
30.012125
30.011732
30.011162
30.010455
30.009676
30.008895
30.008183
30.007592
30.007158
30.006889
30.006733
30.006649
30.006585
30.006503
30.006375
30.006196
30.006001
30.005832
30.005723
30.005697
30.005751
30.005866
30.00597
30.006013
30.005936
30.005701
30.005298
30.004741
30.004098
30.003439
30.002853
30.002406
30.002127
30.002016
30.002054
30.002185
30.002349
30.002499
30.002601
30.002645
30.002662
30.002677
30.002742
30.002879
30.003102
30.003403
30.003722
30.004012
30.004203
30.004244
30.004118
30.003834
30.003434
30.002993
30.002599
30.002321
30.002189
30.002224
30.00242
30.002716
30.003064
30.003408
30.003706
30.003946
30.004135
30.004317
30.004525
30.004801
30.005158
30.005585
30.006056
30.006515
30.006884
30.007106
30.007141
30.006999
30.006709
30.006329
30.005943
30.005631
30.005453
30.005451
30.005617
30.005925
30.006316
30.006726
30.007105
30.007419
30.007675
30.007899
30.00813
30.008413
30.008765
30.009196
30.009678
30.01017
30.010588
30.010888
30.011022
30.010973
30.01077
30.010455
30.010113
30.009813
30.009621
30.009586
30.009723
30.010005
30.010391
30.010812
30.011215
30.01156
30.011853
30.012101
30.012343
30.012612
30.012948
30.013361
30.01386
30.014395
30.014892
30.01528
30.015505
30.015531
30.015354
30.015009
30.014579
30.01413
30.013746
30.013491
30.013392
30.013431
30.013575
30.013758
30.013933
30.014062
30.014118
30.014101
30.014045
30.013979
30.01396
30.013994
30.014086
30.014219
30.014345
30.014393
30.01431
30.01406
30.013635
30.013052
30.01238
30.01169
30.011073
30.010596
30.010287
30.010148
30.010141
30.010217
30.010319
30.010402
30.010436
30.010412
30.010346
30.010285
30.010281
30.010356
30.010541
30.010807
30.01111
30.011382
30.011553
30.011574
30.011428
30.011123
30.010688
30.010197
30.009729
30.009377
30.00919
30.009186
30.009356
30.009653
30.010023
30.010405
30.010752
30.01103
30.011249
30.011436
30.011631
30.011878
30.012197
30.012596
30.013049
30.013479
30.013829
30.01404
30.014072
30.013913
30.013596
30.013184
30.012762
30.012412
30.012194
30.012135
30.012232
30.012464
30.012774
30.013102
30.013384
30.013588
30.013712
30.01379
30.013849
30.013945
30.014102
30.014337
30.014626
30.014932
30.015173
30.01529
30.015239
30.014992
30.014567
30.014016
30.013417
30.012848
30.012384
30.012064
30.011912
30.011926
30.012049
30.012215
30.012377
30.012495
30.012543
30.012536
30.012524
30.012542
30.012619
30.012774
30.013001
30.013261
30.013505
30.013661
30.013677
30.013514
30.013169
30.012674
30.012095
30.011517
30.011024
30.010676
30.0105
30.010491
30.010611
30.010808
30.011023
30.011195
30.011295
30.01132
30.011289
30.01125
30.011259
30.01134
30.011508
30.011739
30.01196
30.012115
30.012146
30.012013
30.011705
30.011236
30.010638
30.009991
30.009373
30.008863
30.008497
30.008285
30.008211
30.008226
30.008273
30.008291
30.008233
30.008102
30.007917
30.007715
30.007538
30.007437
30.007414
30.007468
30.007544
30.007582
30.00752
30.007313
30.006931
30.006389
30.005721
30.005007
30.004326
30.003757
30.003355
30.003141
30.003094
30.003172
30.003327
30.003501
30.003634
30.003714
30.003735
30.003728
30.003753
30.003837
30.003999
30.004252
30.004568
30.004889
30.005155
30.00532
30.005334
30.005199
30.004935
30.004598
30.004266
30.003997
30.00387
30.003907
30.004119
30.004478
30.004922
30.005403
30.005866
30.00627
30.006621
30.006941
30.007265
30.007638
30.008076
30.008587
30.009143
30.009704
30.010201
30.010588
30.010812
30.010854
30.010722
30.010462
30.010144
30.009844
30.009651
30.009615
30.00975
30.010031
30.010415
30.010834
30.011234
30.011577
30.011851
30.012067
30.01225
30.012441
30.012669
30.012972
30.013342
30.013739
30.01411
30.014385
30.014527
30.014494
30.014296
30.013958
30.013539
30.013121
30.012767
30.012538
30.012445
30.012492
30.012644
30.012856
30.013072
30.013251
30.013364
30.013423
30.013441
30.013462
30.013538
30.013689
30.013911
30.014182
30.014466
30.014684
30.014776
30.014701
30.014447
30.014047
30.013543
30.013009
30.012515
30.012134
30.011899
30.011815
30.011866
30.012
30.012159
30.012298
30.012384
30.012409
30.012389
30.012351
30.012337
30.012376
30.01249
30.012658
30.012845
30.01299
30.01303
30.012918
30.012642
30.012211
30.011656
30.011053
30.010481
30.009998
30.009645
30.009435
30.009354
30.009374
30.009452
30.00952
30.009543
30.009514
30.009429
30.009338
30.00928
30.009283
30.009368
30.009531
30.009749
30.009969
30.010115
30.010132
30.009979
30.009649
30.009174
30.008599
30.008015
30.00749
30.007091
30.006849
30.006768
30.006827
30.006974
30.007149
30.007306
30.007429
30.007505
30.007561
30.007637
30.007761
30.007972
30.00826
30.00862
30.009008
30.009355
30.009593
30.009674
30.00958
30.009339
30.009008
30.008653
30.008339
30.008135
30.008088
30.008214
30.008487
30.008864
30.009277
30.009673
30.010012
30.010282
30.010512
30.010724
30.010971
30.011273
30.011663
30.01213
30.012626
30.013098
30.013471
30.01369
30.013735
30.013594
30.013298
30.012926
30.012557
30.012252
30.012073
30.012045
30.012168
30.012403
30.012699
30.013001
30.013265
30.013459
30.013578
30.013655
30.013733
30.013865
30.014068
30.014356
30.014685
30.015002
30.015251
30.015371
30.015321
30.015091
30.014693
30.014196
30.013669
30.013201
30.012842
30.012643
30.012606
30.012709
30.012899
30.013116
30.013295
30.013406
30.013446
30.013431
30.01341
30.013419
30.013505
30.013682
30.013924
30.014192
30.014421
30.014545
30.014517
30.014303
30.013918
30.013394
30.012812
30.012252
30.011791
30.011468
30.01131
30.011315
30.011427
30.011599
30.011761
30.011876
30.011935
30.011932
30.011919
30.011933
30.012002
30.012165
30.012412
30.0127
30.012978
30.013171
30.013208
30.013055
30.012709
30.012206
30.011614
30.011002
30.010459
30.010051
30.009808
30.009729
30.009777
30.009903
30.010031
30.010124
30.010153
30.010115
30.010027
30.009938
30.009904
30.009946
30.010064
30.010254
30.010458
30.010617
30.010667
30.010563
30.010292
30.009865
30.009312
30.008711
30.008139
30.007673
30.007367
30.007243
30.007277
30.007413
30.007604
30.007782
30.007909
30.007978
30.008019
30.008054
30.008139
30.008311
30.008581
30.008936
30.009349
30.009743
30.010061
30.010244
30.010251
30.010088
30.009783
30.009412
30.009052
30.008779
30.008648
30.008698
30.008902
30.009236
30.009625
30.010013
30.010356
30.010621
30.010823
30.010988
30.011159
30.011364
30.011643
30.012009
30.01243
30.012851
30.01319
30.013408
30.013458
30.013309
30.012996
30.012565
30.012089
30.011661
30.011348
30.011182
30.011185
30.011315
30.011539
30.011794
30.012014
30.012167
30.012249
30.012275
30.012293
30.012339
30.012442
30.01262
30.012851
30.0131
30.013303
30.013398
30.013337
30.013073
30.012624
30.012028
30.011351
30.010681
30.010083
30.009625
30.009317
30.009165
30.009135
30.009163
30.0092
30.009188
30.009106
30.008954
30.00877
30.008602
30.008484
30.008442
30.008477
30.008568
30.008648
30.008664
30.008562
30.008301
30.007874
30.007312
30.006661
30.006008
30.005423
30.004972
30.004703
30.004613
30.004662
30.004813
30.005005
30.005169
30.005292
30.005363
30.005394
30.005428
30.005516
30.005697
30.005979
30.006348
30.006759
30.007139
30.007416
30.00754
30.007491
30.007277
30.006943
30.00656
30.006203
30.005942
30.005848
30.005936
30.006195
30.006578
30.007029
30.007486
30.007902
30.00826
30.008567
30.008845
30.009131
30.009451
30.009825
30.010268
30.010734
30.011173
30.011528
30.011743
30.011774
30.011632
30.011343
30.010967
30.010587
30.010281
30.01011
30.010097
30.01024
30.010515
30.010866
30.011233
30.01155
30.011805
30.011989
30.012134
30.01228
30.012459
30.012713
30.013034
30.0134
30.013774
30.014093
30.014292
30.014326
30.014182
30.01387
30.013438
30.012959
30.012527
30.012209
30.012039
30.012036
30.012179
30.012428
30.012717
30.012996
30.013224
30.013392
30.01351
30.013606
30.013735
30.013922
30.014184
30.014497
30.014823
30.0151
30.015264
30.015266
30.015077
30.014711
30.014201
30.01363
30.013076
30.012602
30.012269
30.012085
30.012054
30.012139
30.012276
30.012412
30.012494
30.012496
30.012439
30.012337
30.012239
30.012182
30.012191
30.012287
30.012428
30.012564
30.012625
30.012556
30.012319
30.011909
30.01134
30.010682
30.010005
30.009383
30.008886
30.008548
30.008373
30.008325
30.008358
30.008415
30.008455
30.008446
30.008381
30.008277
30.00818
30.008125
30.008139
30.008222
30.008357
30.008509
30.008619
30.008623
30.00846
30.00812
30.007619
30.007007
30.00636
30.005753
30.00526
30.004936
30.004781
30.004776
30.004885
30.005043
30.005198
30.005314
30.005379
30.005404
30.005416
30.005453
30.005544
30.005708
30.005942
30.006205
30.006433
30.006576
30.006581
30.006428
30.006107
30.005647
30.00511
30.004579
30.004118
30.003789
30.003622
30.003616
30.00375
30.003969
30.004213
30.004453
30.004649
30.004807
30.004951
30.005116
30.005346
30.005673
30.006084
30.00655
30.007011
30.007405
30.007671
30.007779
30.007713
30.0075
30.007196
30.006866
30.006594
30.006442
30.006455
30.006628
30.006936
30.00734
30.007772
30.00818
30.008544
30.008849
30.009119
30.009393
30.009698
30.010073
30.010528
30.01105
30.011596
30.012093
30.012472
30.012683
30.012709
30.012559
30.012262
30.011894
30.011534
30.011241
30.011075
30.011062
30.011183
30.011404
30.011659
30.011899
30.012071
30.012168
30.012208
30.01222
30.012247
30.012336
30.012489
30.012704
30.012961
30.013209
30.013375
30.013404
30.013259
30.012932
30.012456
30.011896
30.01132
30.010815
30.010445
30.010239
30.010197
30.01028
30.010439
30.010615
30.010767
30.010862
30.010892
30.010875
30.010855
30.010871
30.010947
30.011103
30.011317
30.011533
30.011695
30.01174
30.011627
30.011342
30.010899
30.010346
30.009757
30.009206
30.008768
30.008494
30.008386
30.008425
30.008574
30.008767
30.008955
30.009099
30.00919
30.009255
30.009317
30.009429
30.00961
30.009893
30.010265
30.010678
30.01106
30.011357
30.011513
30.011489
30.011275
30.010922
30.01049
30.010077
30.009758
30.009588
30.009606
30.009783
30.010094
30.010482
30.010885
30.011255
30.011556
30.011799
30.01201
30.012227
30.012496
30.012834
30.013253
30.013722
30.014185
30.01458
30.014844
30.014932
30.014833
30.014558
30.014156
30.01372
30.013321
30.013028
30.012893
30.012916
30.013058
30.01327
30.013495
30.01369
30.013804
30.013837
30.013826
30.013816
30.013843
30.01395
30.014151
30.014418
30.014712
30.014966
30.015116
30.015111
30.014919
30.014538
30.01402
30.013429
30.012848
30.01234
30.011969
30.011764
30.011706
30.011761
30.011865
30.011969
30.012018
30.012006
30.011931
30.011828
30.01174
30.011701
30.011736
30.011842
30.012002
30.012145
30.012219
30.012152
30.011908
30.011484
30.010914
30.010264
30.009604
30.00902
30.008578
30.008306
30.008204
30.008233
30.008344
30.008478
30.008575
30.008606
30.008569
30.008481
30.008391
30.008338
30.008366
30.00849
30.008684
30.00891
30.009084
30.009144
30.009029
30.008732
30.008266
30.007667
30.007014
30.006388
30.005867
30.00549
30.005284
30.005228
30.005289
30.0054
30.005496
30.005541
30.005513
30.00543
30.005323
30.005238
30.005222
30.005296
30.005435
30.005603
30.005754
30.005818
30.005728
30.005452
30.004988
30.004374
30.003679
30.00299
30.002391
30.001944
30.001675
30.001583
30.001644
30.001802
30.001995
30.002157
30.002275
30.00234
30.002379
30.002452
30.002601
30.002858
30.003207
30.003638
30.004084
30.00448
30.004776
30.00492
30.004892
30.004717
30.004434
30.004111
30.003835
30.003671
30.003667
30.003836
30.00415
30.004568
30.005019
30.005469
30.005871
30.006212
30.006516
30.006802
30.007122
30.007513
30.008001
30.008571
30.009171
30.009747
30.01022
30.010535
30.010653
30.010583
30.010372
30.010095
30.009826
30.00964
30.009591
30.009717
30.010009
30.01042
30.010877
30.011323
30.011716
30.012042
30.012311
30.012547
30.012789
30.013082
30.013443
30.013865
30.014342
30.014813
30.015218
30.015494
30.015594
30.015506
30.01526
30.014918
30.014545
30.014227
30.014029
30.013997
30.014126
30.014392
30.014739
30.015103
30.015438
30.015707
30.015904
30.016059
30.016196
30.016351
30.01657
30.01685
30.01717
30.017495
30.017747
30.017867
30.017814
30.017561
30.017127
30.016547
30.015905
30.015283
30.01476
30.014377
30.014162
30.014095
30.014143
30.014242
30.014342
30.014388
30.014373
30.014314
30.01424
30.014191
30.014197
30.014281
30.014439
30.014632
30.014812
30.014908
30.014867
30.014654
30.014262
30.013725
30.013108
30.012479
30.011908
30.011465
30.011162
30.011008
30.010971
30.011006
30.011076
30.011137
30.011154
30.01112
30.011065
30.011031
30.011049
30.011159
30.011353
30.011607
30.011883
30.012118
30.012244
30.012216
30.012018
30.011661
30.011209
30.01073
30.010294
30.00997
30.00981
30.00983
30.010003
30.010289
30.010618
30.010939
30.01121
30.01142
30.011579
30.01173
30.011909
30.012139
30.012437
30.012799
30.013183
30.013541
30.013817
30.013955
30.013915
30.013706
30.013373
30.012971
30.012579
30.012256
30.012062
30.012007
30.012092
30.012282
30.012512
30.012733
30.012906
30.013003
30.013024
30.013022
30.013037
30.0131
30.013233
30.013417
30.013635
30.013838
30.013956
30.013936
30.013741
30.013365
30.012826
30.012192
30.011536
30.010929
30.010446
30.010135
30.009999
30.010015
30.010128
30.010278
30.010417
30.010509
30.010564
30.010589
30.010626
30.010707
30.010855
30.011084
30.011371
30.01166
30.011891
30.012003
30.011951
30.011724
30.011333
30.010828
30.010282
30.009769
30.009347
30.009073
30.008953
30.008969
30.009088
30.009248
30.0094
30.009507
30.00956
30.009571
30.009585
30.009636
30.00975
30.009944
30.010211
30.010528
30.010824
30.011043
30.01113
30.011043
30.010775
30.010356
30.009852
30.009345
30.008919
30.008617
30.008485
30.008503
30.008651
30.008878
30.009124
30.009344
30.009504
30.009615
30.009704
30.009809
30.00996
30.010177
30.010474
30.010826
30.011176
30.011465
30.011629
30.011626
30.011425
30.011061
30.0106
30.010109
30.009661
30.009325
30.009134
30.009093
30.009184
30.009355
30.009548
30.009701
30.009784
30.009796
30.009752
30.009686
30.009657
30.009691
30.009808
30.009985
30.010186
30.010366
30.010455
30.010404
30.010176
30.009784
30.009277
30.008729
30.008214
30.007808
30.007562
30.007497
30.007605
30.007842
30.008154
30.00848
30.008793
30.009071
30.009316
30.009549
30.009819
30.010148
30.010566
30.011077
30.011648
30.012199
30.01267
30.012998
30.013159
30.013137
30.012976
30.012731
30.012463
30.012254
30.012182
30.012286
30.012557
30.012966
30.013452
30.013951
30.014413
30.014803
30.015128
30.015397
30.015653
30.015929
30.016266
30.016677
30.017136
30.017584
30.017963
30.01821
30.01828
30.018146
30.017823
30.017366
30.016833
30.016309
30.015855
30.015535
30.015359
30.015313
30.015368
30.015462
30.015531
30.015544
30.015479
30.015358
30.015212
30.015088
30.015035
30.015072
30.015178
30.015314
30.015419
30.015426
30.015272
30.014928
30.014396
30.013715
30.012953
30.012183
30.011494
30.010953
30.010587
30.010381
30.010301
30.010282
30.010275
30.010225
30.010108
30.009925
30.009696
30.009473
30.009294
30.009205
30.009205
30.009271
30.009352
30.009388
30.00932
30.009104
30.008727
30.008202
30.007577
30.006924
30.006335
30.005861
30.005555
30.005436
30.005478
30.005625
30.005813
30.005974
30.006076
30.006114
30.00612
30.00612
30.006167
30.006284
30.006487
30.006768
30.007084
30.007368
30.00755
30.00758
30.007424
30.007078
30.006596
30.006038
30.005488
30.005028
30.004715
30.004574
30.004602
30.004757
30.004988
30.005218
30.005389
30.005495
30.005531
30.005531
30.005521
30.005556
30.005661
30.005833
30.006053
30.006268
30.006405
30.006409
30.006242
30.005897
30.005405
30.004815
30.004215
30.003674
30.00326
30.003022
30.002958
30.003045
30.003245
30.00349
30.003729
30.003923
30.004078
30.004201
30.004332
30.004518
30.004795
30.00517
30.005628
30.006122
30.006579
30.006928
30.007116
30.007108
30.006916
30.006589
30.006185
30.005801
30.005512
30.005353
30.005351
30.005484
30.005716
30.006002
30.006269
30.00648
30.006609
30.006673
30.006704
30.006744
30.006826
30.006972
30.007182
30.007435
30.007663
30.007813
30.007814
30.007648
30.007307
30.006806
30.006211
30.005595
30.005046
30.004613
30.004331
30.004204
30.004198
30.004249
30.004306
30.004331
30.004297
30.004201
30.004077
30.003971
30.003915
30.003952
30.004076
30.00428
30.004523
30.004738
30.004856
30.004827
30.004635
30.004306
30.003898
30.003475
30.003102
30.002863
30.002803
30.002931
30.003234
30.003646
30.004114
30.004578
30.004995
30.005347
30.005662
30.005958
30.006286
30.006685
30.007162
30.007689
30.008242
30.008767
30.009188
30.009452
30.009537
30.00945
30.009233
30.00896
30.008701
30.00853
30.0085
30.00863
30.008913
30.009325
30.009806
30.010295
30.010743
30.011133
30.01147
30.011776
30.012089
30.012451
30.012879
30.013382
30.01393
30.014465
30.014926
30.01525
30.015393
30.015342
30.01511
30.014746
30.014326
30.013942
30.013665
30.013546
30.013583
30.013757
30.014013
30.014289
30.01454
30.014749
30.014903
30.01503
30.015151
30.015318
30.015551
30.015864
30.016231
30.016613
30.016945
30.017162
30.017215
30.017091
30.016801
30.01639
30.015914
30.015471
30.015115
30.014904
30.014859
30.014959
30.015168
30.015418
30.015659
30.015852
30.015988
30.016077
30.016147
30.016234
30.016387
30.01662
30.016928
30.017266
30.017586
30.017832
30.017946
30.017887
30.017644
30.017234
30.016723
30.016182
30.015683
30.015297
30.015059
30.014956
30.014957
30.015019
30.015074
30.01507
30.014984
30.014823
30.014606
30.014371
30.014162
30.013995
30.013881
30.013793
30.01369
30.013509
30.013201
30.012717
30.01204
30.011213
30.010291
30.009336
30.008429
30.007649
30.007037
30.006599
30.006304
30.006106
30.005951
30.005797
30.005594
30.00534
30.005055
30.004769
30.004506
30.004303
30.004183
30.004131
30.004112
30.004067
30.003933
30.003663
30.003226
30.002637
30.001929
30.001163
30.000406
29.999743
29.999236
29.998894
29.99872
29.998677
29.998717
29.998784
29.998834
29.998853
29.998848
29.998843
29.998872
29.99898
29.99918
29.999464
29.999804
30.000145
30.000407
30.000535
30.000504
30.000301
29.999973
29.999556
29.999135
29.998772
29.99855
29.998492
29.998612
29.998883
29.999244
29.999648
30.000041
30.000398
30.000703
30.000979
30.001279
30.001628
30.002057
30.002573
30.003161
30.003773
30.004336
30.004798
30.005102
30.005226
30.005177
30.005014
30.004787
30.004586
30.00448
30.004502
30.004654
30.004938
30.005297
30.005688
30.006059
30.006371
30.006615
30.006801
30.006974
30.007186
30.007477
30.007855
30.008309
30.008792
30.009252
30.009631
30.009871
30.009928
30.009811
30.009546
30.009194
30.008835
30.008568
30.008446
30.00849
30.008694
30.009032
30.009447
30.009876
30.010271
30.010595
30.010859
30.011089
30.011306
30.01156
30.011873
30.012241
30.012642
30.013042
30.013379
30.01359
30.013632
30.013491
30.013179
30.012762
30.012311
30.011896
30.011588
30.011438
30.011448
30.011595
30.011843
30.012126
30.012379
30.012566
30.012682
30.012759
30.012823
30.012928
30.013097
30.013345
30.013649
30.01397
30.014245
30.01439
30.014345
30.014088
30.01364
30.013039
30.012354
30.011655
30.011031
30.01055
30.010221
30.010051
30.010006
30.01002
30.010044
30.01004
30.00998
30.009878
30.009746
30.009649
30.009614
30.009663
30.009791
30.009978
30.010151
30.010258
30.010223
30.010013
30.009638
30.009111
30.008499
30.007889
30.007347
30.006938
30.006693
30.006611
30.006674
30.006828
30.007011
30.007177
30.007292
30.007347
30.007375
30.007415
30.007516
30.007715
30.008019
30.008395
30.0088
30.009183
30.00947
30.009607
30.009558
30.009334
30.008981
30.008574
30.008188
30.007914
30.007802
30.007868
30.008084
30.008411
30.008778
30.009132
30.009434
30.009654
30.009807
30.009924
30.010045
30.010221
30.010468
30.010782
30.01114
30.01147
30.011718
30.01183
30.011764
30.011513
30.011109
30.010616
30.010119
30.009683
30.009373
30.009237
30.00927
30.00943
30.009666
30.009902
30.010096
30.01022
30.01027
30.010281
30.010296
30.010351
30.010468
30.010648
30.010872
30.011107
30.011292
30.011346
30.011231
30.010919
30.010429
30.009833
30.009205
30.00862
30.008151
30.007832
30.007688
30.007697
30.007803
30.007965
30.008129
30.008238
30.008286
30.008304
30.008316
30.00836
30.008478
30.008685
30.008956
30.009252
30.009506
30.009653
30.009628
30.009402
30.008994
30.00844
30.007804
30.007156
30.006583
30.006151
30.005888
30.005776
30.005781
30.005841
30.005904
30.005934
30.005902
30.005808
30.005685
30.005578
30.005522
30.005558
30.005697
30.005913
30.006128
30.006286
30.006326
30.006206
30.005914
30.005463
30.00492
30.004353
30.003834
30.003433
30.003184
30.003108
30.003183
30.003352
30.003572
30.003772
30.003936
30.00405
30.004143
30.004234
30.004375
30.004603
30.004928
30.005336
30.005781
30.006191
30.006512
30.006689
30.006699
30.006548
30.006278
30.005958
30.005679
30.005508
30.005491
30.005646
30.005962
30.006393
30.006884
30.007375
30.007802
30.008153
30.008439
30.008687
30.008936
30.009232
30.009611
30.010061
30.010556
30.011038
30.011447
30.011721
30.011833
30.011769
30.011553
30.011264
30.010959
30.010721
30.010609
30.010664
30.010881
30.011234
30.011663
30.012106
30.012515
30.01287
30.01316
30.013411
30.013662
30.013943
30.014276
30.014675
30.015117
30.015562
30.015931
30.016162
30.016214
30.016059
30.015732
30.015282
30.014784
30.014314
30.013946
30.013733
30.013679
30.013763
30.01395
30.014176
30.014392
30.014559
30.014669
30.014732
30.014776
30.01484
30.014971
30.015184
30.015455
30.015747
30.016012
30.016181
30.016202
30.016042
30.015694
30.015194
30.014607
30.014003
30.01347
30.013055
30.012792
30.012667
30.01265
30.01268
30.012709
30.012703
30.012634
30.012519
30.012372
30.012239
30.012173
30.012194
30.012297
30.012462
30.012634
30.012736
30.012714
30.01251
30.01212
30.01158
30.010937
30.010267
30.009644
30.009123
30.008743
30.008515
30.008407
30.008374
30.008363
30.008336
30.00826
30.008114
30.007919
30.007708
30.007524
30.007402
30.007363
30.007388
30.007444
30.007469
30.0074
30.007191
30.006827
30.006319
30.005695
30.005033
30.004409
30.003898
30.003537
30.003334
30.003271
30.003317
30.003409
30.003498
30.003549
30.003551
30.003517
30.003473
30.003458
30.003501
30.003621
30.003816
30.004044
30.004259
30.004387
30.004376
30.004191
30.003841
30.003358
30.002801
30.002254
30.001797
30.001489
30.00137
30.001434
30.001651
30.001963
30.002322
30.002673
30.002993
30.003283
30.00356
30.003857
30.004198
30.004617
30.005103
30.00563
30.006158
30.006623
30.006958
30.007136
30.007137
30.006987
30.006725
30.00642
30.006159
30.006007
30.005995
30.006142
30.006441
30.006849
30.007295
30.007724
30.008097
30.008418
30.008693
30.008962
30.009273
30.009644
30.010089
30.010595
30.011121
30.011596
30.011952
30.01214
30.012143
30.011953
30.011603
30.011157
30.010702
30.010302
30.010024
30.009879
30.009873
30.009974
30.010117
30.010255
30.010349
30.010374
30.010346
30.010295
30.010264
30.010301
30.010425
30.010628
30.01087
30.011101
30.011247
30.011274
30.011139
30.010831
30.010382
30.009854
30.009312
30.008842
30.008508
30.008336
30.008328
30.008443
30.008631
30.008836
30.009013
30.009113
30.009152
30.009144
30.009135
30.009162
30.00925
30.009417
30.009641
30.009886
30.010088
30.010182
30.010122
30.009895
30.00951
30.009014
30.00848
30.007982
30.007593
30.007366
30.007318
30.007426
30.007632
30.00789
30.008146
30.008361
30.008503
30.008587
30.008662
30.008762
30.008914
30.009138
30.009428
30.009746
30.010023
30.010194
30.01021
30.010038
30.009674
30.009173
30.008596
30.008028
30.007532
30.007172
30.006993
30.006991
30.007124
30.007337
30.007572
30.007782
30.007935
30.008022
30.008094
30.008187
30.008329
30.008558
30.008866
30.009226
30.0096
30.009925
30.010133
30.010161
30.009999
30.009662
30.009198
30.008685
30.008198
30.007813
30.007583
30.007512
30.00758
30.007752
30.007963
30.008166
30.008321
30.008419
30.00849
30.008556
30.00867
30.00887
30.009166
30.009546
30.009963
30.010347
30.010645
30.010781
30.010741
30.010514
30.01015
30.009709
30.009255
30.00887
30.008617
30.008523
30.008568
30.008702
30.008863
30.009007
30.009081
30.009066
30.008984
30.008853
30.008722
30.00863
30.008605
30.008665
30.008773
30.008877
30.008925
30.008841
30.008588
30.00816
30.007573
30.006897
30.006204
30.005565
30.005053
30.004701
30.004513
30.004471
30.004523
30.004593
30.00464
30.004615
30.004518
30.00437
30.004221
30.004127
30.004113
30.004194
30.004346
30.00453
30.004682
30.004737
30.004645
30.004374
30.003938
30.003387
30.002796
30.002258
30.001843
30.001601
30.001548
30.001674
30.001934
30.002272
30.002626
30.002949
30.003207
30.003409
30.003582
30.003764
30.004002
30.004313
30.004688
30.005105
30.005509
30.005823
30.005993
30.005978
30.005771
30.005405
30.004945
30.004458
30.004033
30.003734
30.003591
30.003621
30.003782
30.004021
30.004279
30.00451
30.004681
30.004802
30.0049
30.005014
30.005172
30.005413
30.005747
30.006145
30.006563
30.006935
30.007194
30.007273
30.007161
30.006871
30.006454
30.005984
30.005555
30.005237
30.00508
30.005103
30.005278
30.005565
30.005912
30.006263
30.006591
30.006876
30.007124
30.007371
30.007666
30.008044
30.008511
30.00907
30.009687
30.010298
30.01084
30.011245
30.011486
30.011561
30.011509
30.011379
30.011247
30.011185
30.011266
30.011507
30.011898
30.012413
30.012975
30.013524
30.014016
30.014419
30.014746
30.015025
30.015297
30.01561
30.015982
30.016426
30.016916
30.017393
30.017797
30.018067
30.018158
30.01806
30.017784
30.017398
30.016972
30.016578
30.016305
30.016182
30.016212
30.016373
30.016614
30.016874
30.017108
30.017264
30.01734
30.017354
30.017337
30.017333
30.017374
30.017484
30.017625
30.017769
30.017861
30.017839
30.017661
30.017317
30.016802
30.016168
30.015475
30.014825
30.014291
30.01391
30.013706
30.013676
30.013761
30.013914
30.01408
30.014217
30.014311
30.01437
30.014419
30.014478
30.014595
30.014788
30.015053
30.015366
30.015674
30.0159
30.01599
30.015902
30.015631
30.015207
30.014679
30.014135
30.013644
30.013275
30.01306
30.013
30.013078
30.01324
30.013411
30.013548
30.013623
30.013647
30.013633
30.013626
30.01366
30.013758
30.013921
30.014129
30.014332
30.014456
30.014447
30.014267
30.013909
30.013388
30.012737
30.012021
30.011324
30.010709
30.010224
30.009882
30.009674
30.009556
30.009472
30.009364
30.009204
30.008991
30.008725
30.008443
30.008189
30.008016
30.007942
30.007964
30.008039
30.008101
30.008099
30.007977
30.007697
30.007269
30.006719
30.006108
30.005517
30.005006
30.004638
30.00444
30.004392
30.004459
30.004594
30.004743
30.004864
30.004925
30.00494
30.004919
30.004907
30.004938
30.005034
30.005197
30.005406
30.00561
30.005753
30.005776
30.005638
30.005327
30.004875
30.004344
30.003799
30.00331
30.002943
30.002748
30.002722
30.002826
30.003026
30.003258
30.003475
30.00364
30.003745
30.003802
30.003838
30.003894
30.004015
30.004202
30.004433
30.004676
30.004869
30.004968
30.004923
30.004698
30.004308
30.003801
30.003234
30.002705
30.002269
30.001983
30.001871
30.001928
30.002113
30.002354
30.002615
30.002851
30.003044
30.003219
30.003393
30.003615
30.003905
30.004274
30.004712
30.005176
30.005614
30.00597
30.006167
30.006169
30.005989
30.005656
30.005232
30.004785
30.0044
30.004141
30.004036
30.004086
30.004269
30.004531
30.004813
30.005068
30.00528
30.005436
30.005564
30.005704
30.005901
30.006191
30.00658
30.007035
30.007513
30.007945
30.008278
30.008461
30.008471
30.008333
30.008086
30.007796
30.007552
30.007417
30.007439
30.007615
30.00792
30.008318
30.008741
30.009156
30.009521
30.009822
30.010086
30.010333
30.010615
30.010969
30.011423
30.011961
30.012533
30.013064
30.0135
30.013785
30.013877
30.013786
30.013559
30.013269
30.012989
30.012795
30.01274
30.012845
30.013104
30.013473
30.013901
30.014328
30.014692
30.014983
30.015213
30.015407
30.015589
30.015809
30.01609
30.016427
30.016799
30.017173
30.017468
30.017628
30.01761
30.017406
30.017048
30.016597
30.016123
30.015711
30.015408
30.015266
30.015283
30.015438
30.015678
30.01594
30.016161
30.016311
30.016368
30.016372
30.016352
30.016367
30.016444
30.016584
30.016769
30.016948
30.017065
30.017046
30.016836
30.016415
30.015808
30.015057
30.01423
30.013417
30.012703
30.012133
30.011738
30.011501
30.011372
30.011311
30.011249
30.011152
30.010997
30.010801
30.010595
30.010422
30.01033
30.010338
30.01042
30.01054
30.01065
30.01068
30.010578
30.01029
30.009834
30.009223
30.008528
30.007836
30.007215
30.006732
30.006417
30.006255
30.006211
30.006241
30.006291
30.006302
30.006248
30.006129
30.00598
30.005865
30.005813
30.005863
30.006025
30.006267
30.006531
30.006751
30.006863
30.006821
30.006592
30.006191
30.005669
30.005103
30.004585
30.004185
30.003956
30.003895
30.003981
30.004159
30.004385
30.00459
30.004738
30.004824
30.004877
30.004922
30.004995
30.00514
30.005372
30.005683
30.006028
30.006357
30.006596
30.006691
30.006621
30.006376
30.006003
30.00556
30.005125
30.004777
30.004572
30.004535
30.004659
30.004904
30.005217
30.005522
30.005778
30.005958
30.006074
30.006158
30.006251
30.006401
30.006626
30.006921
30.007262
30.007613
30.007911
30.008074
30.008061
30.007861
30.007508
30.007063
30.006593
30.006186
30.005906
30.005781
30.005829
30.006025
30.006311
30.006642
30.006963
30.007236
30.007447
30.007626
30.00781
30.00803
30.008324
30.008705
30.009141
30.009593
30.009993
30.010276
30.010374
30.010279
30.010003
30.009578
30.009069
30.008558
30.00813
30.007842
30.007722
30.007747
30.007884
30.008066
30.008243
30.008377
30.008459
30.008481
30.008475
30.0085
30.008584
30.008764
30.009029
30.009354
30.009681
30.00995
30.010098
30.010064
30.009857
30.009488
30.009023
30.008547
30.008127
30.007829
30.007682
30.00769
30.007831
30.008053
30.008296
30.008497
30.008626
30.008698
30.008725
30.00877
30.008863
30.009025
30.009272
30.009577
30.009902
30.010181
30.01035
30.010362
30.010182
30.009827
30.009347
30.0088
30.008268
30.007828
30.007522
30.007359
30.007343
30.007422
30.007535
30.007619
30.007627
30.007558
30.007416
30.007222
30.007027
30.006871
30.006783
30.006767
30.006788
30.006784
30.00669
30.00646
30.006061
30.005491
30.004786
30.004012
30.003238
30.002552
30.002018
30.001663
30.001489
30.001472
30.001557
30.001683
30.001801
30.001876
30.001917
30.001948
30.002006
30.002119
30.002306
30.00258
30.002914
30.003251
30.00353
30.003706
30.003729
30.003583
30.003278
30.002875
30.002444
30.00207
30.001818
30.001736
30.001818
30.002059
30.002397
30.002784
30.003164
30.003494
30.003781
30.004027
30.004273
30.004547
30.004891
30.005314
30.005806
30.006321
30.00679
30.007143
30.007329
30.007333
30.007145
30.006816
30.006405
30.005976
30.005613
30.005379
30.005301
30.005361
30.005523
30.005724
30.005915
30.006059
30.006129
30.006142
30.006128
30.006129
30.006177
30.006295
30.006481
30.006714
30.006943
30.007092
30.007108
30.006952
30.006616
30.006134
30.005552
30.004942
30.004395
30.00396
30.003673
30.00354
30.003544
30.003635
30.003753
30.003837
30.003859
30.003815
30.003739
30.003659
30.00363
30.003676
30.003813
30.004015
30.004245
30.004439
30.004547
30.004536
30.004381
30.004086
30.003691
30.003264
30.002894
30.002626
30.002514
30.002574
30.002781
30.003077
30.003417
30.003747
30.004027
30.004246
30.00443
30.004602
30.004797
30.005056
30.005394
30.005819
30.006284
30.006733
30.007089
30.007298
30.007336
30.007209
30.00696
30.006642
30.006331
30.006103
30.006013
30.006082
30.006306
30.00666
30.007087
30.007525
30.007926
30.008272
30.008569
30.00884
30.00912
30.009454
30.009856
30.010319
30.010817
30.011296
30.011697
30.011977
30.012088
30.012017
30.011791
30.011471
30.011121
30.010827
30.010652
30.010624
30.010744
30.01099
30.011327
30.01169
30.012047
30.012356
30.012604
30.012819
30.013038
30.013309
30.013665
30.014114
30.014623
30.015148
30.015621
30.015974
30.016158
30.016156
30.015961
30.015624
30.015204
30.014784
30.014442
30.014222
30.01415
30.014211
30.014353
30.014536
30.01471
30.01484
30.014914
30.014928
30.014912
30.014911
30.014972
30.015115
30.015335
30.01559
30.015831
30.015986
30.016001
30.01584
30.015514
30.015034
30.014467
30.013898
30.013394
30.013002
30.012758
30.012666
30.012692
30.012771
30.012853
30.012901
30.012868
30.012759
30.01261
30.012453
30.012347
30.012315
30.012359
30.012459
30.012564
30.012618
30.012562
30.012335
30.011932
30.011368
30.010695
30.009989
30.009328
30.008767
30.008348
30.008081
30.007953
30.007915
30.007911
30.007881
30.007795
30.007653
30.00747
30.007279
30.007102
30.006977
30.006927
30.006937
30.006973
30.006977
30.006884
30.006634
30.006198
30.005597
30.004866
30.00407
30.003279
30.002578
30.002032
30.001669
30.00147
30.0014
30.001411
30.001449
30.001453
30.001396
30.001295
30.001179
30.001073
30.001029
30.001069
30.001189
30.001349
30.0015
30.00159
30.001542
30.001321
30.000921
30.000358
29.999685
29.998978
29.998332
29.9978
29.997435
29.997241
29.997181
29.997223
29.997307
29.997386
29.997424
29.997412
29.997381
29.997353
29.997381
29.997503
29.99773
29.998048
29.998411
29.998747
29.998984
29.999071
29.99899
29.998748
29.998388
29.997984
29.997624
29.997377
29.997291
29.997382
29.99764
29.998019
29.998464
29.998914
29.999322
29.999672
29.999988
30.000288
30.000622
30.001028
30.001532
30.002134
30.002797
30.003456
30.004045
30.004515
30.004813
30.00494
30.004917
30.004815
30.004708
30.004671
30.004758
30.00499
30.005379
30.005878
30.006433
30.007
30.00751
30.007931
30.008257
30.008522
30.008769
30.009051
30.009387
30.009793
30.010242
30.010679
30.011044
30.011276
30.011332
30.011182
30.010845
30.010374
30.009846
30.009339
30.008931
30.008677
30.00858
30.008623
30.00877
30.008958
30.009137
30.009254
30.009302
30.00928
30.00924
30.009223
30.009259
30.009369
30.009551
30.009766
30.009965
30.010078
30.010052
30.009852
30.009471
30.008961
30.008383
30.007818
30.00733
30.00698
30.006813
30.006824
30.00697
30.007197
30.007445
30.007669
30.007852
30.007999
30.008134
30.008291
30.008516
30.008838
30.009263
30.009756
30.010272
30.010742
30.011095
30.011264
30.011237
30.011045
30.010731
30.010385
30.010075
30.00987
30.009819
30.009939
30.010204
30.010554
30.010945
30.011322
30.011644
30.011901
30.012103
30.012293
30.012505
30.012783
30.013139
30.013563
30.014013
30.01442
30.014731
30.014893
30.014868
30.014666
30.014318
30.013883
30.013446
30.013069
30.012817
30.012717
30.012753
30.012892
30.013069
30.013237
30.013341
30.013377
30.013343
30.013292
30.013264
30.013289
30.013407
30.013611
30.013857
30.014094
30.014267
30.014317
30.014203
30.013912
30.013461
30.012915
30.012344
30.01182
30.011413
30.011158
30.011058
30.011078
30.011171
30.011282
30.011368
30.0114
30.011354
30.01125
30.011139
30.011061
30.011045
30.011094
30.011191
30.011287
30.011327
30.011236
30.010978
30.010545
30.009954
30.00924
30.008483
30.007763
30.00714
30.006675
30.006393
30.006255
30.00623
30.006257
30.006286
30.006281
30.006234
30.006154
30.006071
30.006021
30.006032
30.006126
30.006297
30.006505
30.006684
30.006767
30.006704
30.006462
30.006037
30.005465
30.004812
30.004147
30.003558
30.003093
30.002785
30.002638
30.002616
30.002673
30.002769
30.002841
30.002875
30.002863
30.002832
30.002807
30.002821
30.002899
30.003043
30.003215
30.003387
30.003503
30.003485
30.003296
30.002929
30.0024
30.001759
30.001084
30.00045
29.999914
29.999536
29.999319
29.999249
29.999272
29.99935
29.99943
29.999477
29.999479
29.999447
29.999408
29.999416
29.999497
29.999665
29.999913
30.000198
30.000471
30.000675
30.000752
30.000679
30.000457
30.000128
29.999761
29.999425
29.999174
29.999062
29.999111
29.999317
29.999655
30.000067
30.000491
30.000897
30.001264
30.001609
30.001949
30.002329
30.002766
30.00329
30.003904
30.004571
30.00523
30.005831
30.006306
30.006621
30.006773
30.006798
30.006744
30.006701
30.006739
30.006906
30.007239
30.007742
30.008382
30.00911
30.009854
30.010576
30.01123
30.011817
30.012359
30.01289
30.013435
30.014032
30.01469
30.015398
30.016092
30.016724
30.017227
30.017548
30.017673
30.01761
30.017407
30.017137
30.016893
30.016744
30.016723
30.016853
30.017112
30.017445
30.017792
30.018106
30.018354
30.018528
30.018642
30.018725
30.018819
30.018955
30.019135
30.019346
30.019558
30.019714
30.019752
30.019613
30.019272
30.018733
30.01802
30.017209
30.016378
30.015601
30.014954
30.014455
30.014097
30.013854
30.013685
30.013524
30.013338
30.013101
30.012813
30.01251
30.012221
30.012002
30.011875
30.011821
30.011824
30.011817
30.01175
30.011551
30.011185
30.010649
30.009961
30.009172
30.00836
30.007601
30.006952
30.006454
30.006116
30.005908
30.005784
30.005693
30.005575
30.005404
30.00518
30.004937
30.004704
30.004518
30.004407
30.004392
30.004448
30.00454
30.004605
30.004559
30.00436
30.003979
30.003434
30.002758
30.002033
30.001324
30.000711
30.000238
29.999935
29.999785
29.999755
29.99978
29.999794
29.999764
29.999684
29.999568
29.999445
29.999354
29.999324
29.999378
29.999511
29.999683
29.999845
29.999945
29.999906
29.999711
29.999348
29.998849
29.998275
29.997711
29.997236
29.99691
29.996757
29.996774
29.996919
29.997159
29.997429
29.997681
29.997897
29.998062
29.998203
29.998358
29.998572
29.99888
29.999287
29.999759
30.000237
30.000654
30.000946
30.001066
30.001
30.000777
30.000441
30.00006
29.999725
29.999503
29.999441
29.999556
29.999836
30.000236
30.0007
30.001167
30.001608
30.002003
30.002354
30.002698
30.003082
30.003542
30.004083
30.004692
30.005338
30.005945
30.006457
30.006815
30.006995
30.007001
30.006857
30.006639
30.006421
30.006279
30.00625
30.006379
30.006659
30.007047
30.007491
30.007933
30.008328
30.008661
30.008939
30.009187
30.00946
30.009799
30.010214
30.010714
30.011267
30.011813
30.012288
30.012628
30.012789
30.012757
30.012544
30.012217
30.011845
30.011519
30.011304
30.011249
30.011351
30.011589
30.011923
30.012289
30.012634
30.012921
30.013141
30.013304
30.013455
30.01363
30.013872
30.014194
30.014587
30.015008
30.015387
30.015657
30.015767
30.0157
30.015466
30.015111
30.014688
30.014295
30.014003
30.013864
30.013898
30.01408
30.014369
30.014698
30.015015
30.015281
30.015467
30.015588
30.015674
30.015768
30.015918
30.01616
30.016484
30.016863
30.01724
30.017536
30.017695
30.017676
30.017469
30.017089
30.016604
30.016085
30.015623
30.015285
30.015118
30.015119
30.015267
30.015504
30.015769
30.016013
30.016201
30.016325
30.016397
30.016464
30.016561
30.016731
30.01697
30.017256
30.017553
30.017783
30.017885
30.017819
30.017555
30.017113
30.016545
30.015912
30.015297
30.014779
30.014417
30.014234
30.014208
30.014285
30.014402
30.014512
30.014561
30.014546
30.014483
30.014401
30.014343
30.014339
30.014412
30.014559
30.01474
30.01491
30.014995
30.014927
30.014657
30.014186
30.013556
30.012819
30.012071
30.011383
30.01081
30.010389
30.010109
30.009944
30.009852
30.009764
30.009645
30.009472
30.009243
30.008977
30.008723
30.008538
30.008445
30.00844
30.008484
30.00853
30.008524
30.008408
30.008122
30.007645
30.006997
30.006252
30.005468
30.004743
30.004129
30.003686
30.003416
30.003284
30.003242
30.003234
30.003198
30.003108
30.002943
30.002725
30.002489
30.00228
30.002131
30.002067
30.002068
30.002101
30.002104
30.002015
30.00177
30.001341
30.000747
30.000024
29.999237
29.998454
29.997762
29.997207
29.996821
29.996589
29.99648
29.99643
29.996392
29.996328
29.99621
29.996055
29.995893
29.995763
29.995696
29.995714
29.995814
29.995972
29.996137
29.996233
29.996204
29.996028
29.995691
29.995223
29.994684
29.994154
29.993697
29.993394
29.993283
29.993357
29.993586
29.993928
29.99433
29.994734
29.995112
29.995463
29.995785
29.996131
29.99654
29.99704
29.997634
29.998286
29.998949
29.999571
30.000095
30.000462
30.000651
30.000681
30.000591
30.000447
30.000336
30.000323
30.000454
30.000744
30.001184
30.001728
30.002321
30.00292
30.003475
30.003985
30.004467
30.004951
30.005462
30.006035
30.006694
30.007423
30.008187
30.008926
30.009576
30.010075
30.010396
30.01052
30.010493
30.010371
30.01023
30.01015
30.010188
30.010367
30.010701
30.011147
30.011649
30.012147
30.012614
30.013012
30.013348
30.013648
30.013948
30.014296
30.014706
30.01519
30.015719
30.016252
30.016725
30.017071
30.017259
30.017272
30.017134
30.016884
30.01659
30.01634
30.016198
30.016196
30.016351
30.016641
30.017007
30.017389
30.01774
30.018022
30.018248
30.018425
30.018579
30.018747
30.018975
30.019261
30.019602
30.019959
30.020269
30.020464
30.020499
30.02034
30.020004
30.019522
30.018958
30.018398
30.017905
30.017546
30.01733
30.017263
30.017294
30.017379
30.017452
30.017478
30.017432
30.017317
30.017168
30.017033
30.016946
30.016915
30.016927
30.016954
30.016957
30.01687
30.016648
30.016257
30.015695
30.014979
30.014181
30.013374
30.01263
30.012021
30.011581
30.011297
30.011136
30.011056
30.011003
30.010937
30.010826
30.010668
30.010476
30.010299
30.010189
30.010169
30.010233
30.010361
30.010517
30.010637
30.010658
30.010531
30.010227
30.009776
30.009206
30.008595
30.008018
30.007551
30.007229
30.007079
30.007079
30.007176
30.007325
30.007477
30.007592
30.007658
30.007687
30.007703
30.007745
30.007859
30.008059
30.008321
30.008624
30.008897
30.00909
30.00913
30.009
30.008691
30.008253
30.007745
30.007231
30.006793
30.006494
30.006341
30.006338
30.006449
30.006608
30.006765
30.006865
30.006883
30.006822
30.006719
30.006623
30.006586
30.00663
30.00677
30.006962
30.007154
30.007288
30.007306
30.007165
30.006853
30.006384
30.005823
30.005241
30.004709
30.004296
30.004036
30.003932
30.003968
30.00409
30.00424
30.004373
30.004454
30.004477
30.004456
30.004418
30.004405
30.004462
30.004608
30.004817
30.005035
30.005201
30.005254
30.00515
30.004858
30.004396
30.003797
30.003143
30.002515
30.00199
30.001609
30.001397
30.001354
30.001422
30.001556
30.001683
30.001767
30.001781
30.001743
30.001683
30.001661
30.001702
30.001845
30.002077
30.002356
30.002629
30.00282
30.002874
30.002754
30.00245
30.001998
30.001459
30.000921
30.000448
30.000104
29.999919
29.999894
30.000009
30.000209
30.000434
30.000638
30.000786
30.000889
30.000972
30.001074
30.001241
30.001506
30.001875
30.002314
30.002762
30.003153
30.003422
30.003523
30.003423
30.003137
30.002736
30.002273
30.001844
30.001521
30.001355
30.001365
30.001527
30.001781
30.002065
30.00233
30.00254
30.002668
30.002748
30.002809
30.002905
30.00308
30.003345
30.00369
30.004089
30.004484
30.004814
30.005018
30.005051
30.004919
30.004646
30.004309
30.003982
30.003742
30.003642
30.003722
30.003972
30.004344
30.004784
30.005247
30.005683
30.00607
30.006395
30.0067
30.007019
30.007411
30.007885
30.008446
30.009061
30.009685
30.010249
30.010685
30.010944
30.01101
30.01091
30.010687
30.010411
30.010172
30.010035
30.010068
30.010263
30.010595
30.011023
30.01148
30.011912
30.012282
30.012578
30.012811
30.01301
30.013212
30.013467
30.01379
30.014175
30.014582
30.014943
30.015173
30.015228
30.015079
30.014727
30.014227
30.013645
30.013065
30.012554
30.012176
30.011961
30.011891
30.011932
30.012023
30.012095
30.012117
30.012065
30.011959
30.01183
30.011706
30.01164
30.011656
30.01175
30.011885
30.011993
30.012028
30.011917
30.01161
30.011109
30.010437
30.00965
30.008829
30.008052
30.007398
30.006903
30.006575
30.006399
30.006325
30.006294
30.006261
30.006192
30.00608
30.005938
30.005794
30.005704
30.005693
30.005777
30.005948
30.006146
30.006309
30.006387
30.006329
30.006117
30.005758
30.005277
30.00475
30.004252
30.003858
30.003622
30.003564
30.003659
30.003869
30.004126
30.004377
30.004583
30.004733
30.00482
30.004891
30.004985
30.005147
30.005391
30.00571
30.006062
30.006395
30.006653
30.006779
30.006731
30.0065
30.006117
30.005646
30.005171
30.004774
30.004515
30.004419
30.004485
30.004689
30.004975
30.005283
30.005565
30.005786
30.005938
30.006052
30.006169
30.006322
30.006552
30.006852
30.007198
30.007554
30.007858
30.008043
30.008066
30.007911
30.00759
30.00715
30.006665
30.006227
30.005905
30.005731
30.005725
30.005865
30.006112
30.0064
30.006677
30.006904
30.007071
30.007189
30.007302
30.007461
30.007688
30.007995
30.008375
30.008783
30.009168
30.009458
30.009615
30.009598
30.009415
30.009091
30.008687
30.0083
30.007988
30.00781
30.00779
30.007926
30.008195
30.008541
30.008902
30.009232
30.009513
30.00975
30.009967
30.010199
30.01049
30.010854
30.011283
30.011752
30.012206
30.012567
30.01278
30.012805
30.012635
30.012303
30.011855
30.011365
30.010906
30.010552
30.010338
30.01027
30.010314
30.010425
30.010548
30.010626
30.010632
30.010565
30.010446
30.010324
30.010239
30.010217
30.01028
30.010406
30.010559
30.010676
30.010694
30.010564
30.010256
30.009785
30.009199
30.008558
30.007943
30.00743
30.007059
30.00684
30.006775
30.006812
30.006907
30.006992
30.007031
30.007017
30.006964
30.0069
30.006863
30.006884
30.006966
30.007109
30.007278
30.007428
30.007489
30.007412
30.007161
30.006749
30.006206
30.005593
30.004994
30.00449
30.004138
30.003963
30.003961
30.004108
30.004346
30.004632
30.004911
30.005145
30.005338
30.005514
30.005709
30.005966
30.006317
30.006749
30.007234
30.007712
30.008121
30.008399
30.008519
30.008463
30.008239
30.007912
30.007548
30.007218
30.00699
30.006916
30.006995
30.007223
30.007543
30.007906
30.00826
30.008563
30.008821
30.009039
30.009239
30.009475
30.009767
30.010131
30.01054
30.010958
30.011303
30.011513
30.011548
30.011377
30.01102
30.010511
30.009917
30.009324
30.008797
30.008403
30.008172
30.008086
30.008113
30.008189
30.008248
30.008257
30.008211
30.008107
30.007979
30.00787
30.007831
30.007881
30.008015
30.008192
30.008363
30.008455
30.008415
30.008204
30.007817
30.007287
30.00666
30.006009
30.005425
30.004956
30.00464
30.00448
30.004443
30.004482
30.004525
30.004535
30.004485
30.004372
30.004232
30.004092
30.004009
30.004005
30.004078
30.00421
30.004364
30.004479
30.004493
30.004358
30.00406
30.003612
30.003058
30.002472
30.001928
30.001498
30.001235
30.001156
30.001237
30.001436
30.001687
30.001935
30.00214
30.002291
30.002398
30.002486
30.002611
30.002795
30.003057
30.003389
30.003748
30.004086
30.004347
30.004473
30.004424
30.004209
30.003854
30.003436
30.003033
30.00272
30.002554
30.002555
30.002717
30.003016
30.003395
30.00379
30.004154
30.00445
30.004689
30.004915
30.00516
30.005467
30.005868
30.006366
30.006925
30.007485
30.007979
30.008342
30.008527
30.008521
30.008334
30.008032
30.007685
30.007381
30.007206
30.007201
30.00738
30.00771
30.008149
30.008625
30.009082
30.009499
30.009857
30.010181
30.010507
30.010879
30.011332
30.01187
30.012497
30.013159
30.013798
30.014335
30.014712
30.014889
30.014875
30.0147
30.014441
30.014177
30.013985
30.013924
30.014014
30.014254
30.014601
30.015004
30.015406
30.015744
30.01601
30.016215
30.016386
30.016581
30.016842
30.017183
30.017612
30.018099
30.018582
30.019
30.019289
30.019403
30.019311
30.019048
30.018678
30.018271
30.017915
30.017677
30.017585
30.017642
30.017828
30.018089
30.018368
30.0186
30.018757
30.018835
30.018852
30.018857
30.018889
30.018993
30.019185
30.019438
30.019698
30.019886
30.019946
30.019836
30.01953
30.019046
30.018439
30.01777
30.017138
30.016602
30.016221
30.016001
30.015925
30.015961
30.016027
30.016062
30.016038
30.015935
30.015773
30.015571
30.015378
30.015231
30.015157
30.015142
30.015152
30.015129
30.015012
30.014719
30.01423
30.01355
30.012705
30.011772
30.010828
30.009949
30.00921
30.008645
30.008262
30.008023
30.007882
30.007766
30.007619
30.007415
30.007174
30.00691
30.006669
30.006486
30.006404
30.006419
30.006488
30.006562
30.006586
30.006482
30.006214
30.005775
30.00518
30.004481
30.003754
30.003073
30.002514
30.002131
30.001923
30.001871
30.001939
30.002061
30.002185
30.002291
30.002364
30.002409
30.002468
30.002589
30.002806
30.003145
30.003586
30.004077
30.00456
30.004955
30.005223
30.005335
30.005273
30.005082
30.004814
30.004546
30.004356
30.004298
30.004395
30.004642
30.004998
30.005411
30.005822
30.006188
30.006476
30.006698
30.006884
30.007073
30.007295
30.007573
30.007904
30.008269
30.008615
30.008887
30.009026
30.008991
30.008772
30.008383
30.007892
30.007369
30.006904
30.006564
30.006379
30.006351
30.00646
30.006635
30.006822
30.006977
30.00707
30.007097
30.007073
30.007028
30.007003
30.00703
30.00713
30.007284
30.007457
30.007588
30.007615
30.007491
30.007202
30.00676
30.006212
30.005614
30.00506
30.004606
30.004307
30.004186
30.004238
30.004419
30.004677
30.004952
30.005199
30.005384
30.005517
30.005644
30.005799
30.006005
30.006282
30.006624
30.00699
30.00733
30.007574
30.007668
30.007576
30.007293
30.006853
30.006305
30.005738
30.005224
30.004832
30.004592
30.00451
30.004566
30.004708
30.004877
30.005028
30.005126
30.005164
30.005156
30.005149
30.005177
30.005284
30.005467
30.005703
30.005956
30.006163
30.006262
30.006205
30.005961
30.005545
30.005009
30.004428
30.003879
30.00342
30.003109
30.002952
30.002934
30.003003
30.00312
30.003234
30.00331
30.003336
30.003325
30.003321
30.003374
30.003506
30.003747
30.004082
30.004465
30.004839
30.005146
30.005324
30.005349
30.005221
30.004981
30.004677
30.004386
30.004181
30.004117
30.00423
30.004511
30.004913
30.00538
30.005868
30.006327
30.006717
30.007047
30.007342
30.007656
30.00803
30.008477
30.009005
30.009581
30.010147
30.010657
30.011043
30.011273
30.011328
30.01123
30.011054
30.010859
30.010723
30.010705
30.010831
30.011115
30.01153
30.012019
30.012534
30.013005
30.013414
30.01375
30.014023
30.014278
30.014565
30.014906
30.015316
30.015768
30.016207
30.016574
30.016808
30.016865
30.016734
30.016427
30.015978
30.015465
30.014969
30.014566
30.014313
30.014233
30.014302
30.014485
30.01473
30.014983
30.015201
30.015352
30.015449
30.015538
30.015637
30.015794
30.016026
30.01631
30.01661
30.01688
30.017051
30.017073
30.01691
30.016559
30.016055
30.015463
30.014854
30.014298
30.013865
30.013588
30.01347
30.013475
30.013539
30.01361
30.01365
30.013631
30.013566
30.013487
30.013434
30.013436
30.013516
30.01367
30.013878
30.014086
30.014236
30.014253
30.014096
30.013759
30.01324
30.012595
30.011903
30.011245
30.010679
30.010248
30.009966
30.009819
30.00976
30.009735
30.0097
30.009624
30.009483
30.009313
30.009144
30.009012
30.008966
30.009004
30.00912
30.00926
30.009379
30.009408
30.009299
30.009035
30.008623
30.00811
30.007547
30.007013
30.006583
30.006312
30.00622
30.006283
30.006463
30.006692
30.006918
30.007101
30.00723
30.007298
30.007336
30.007385
30.007494
30.007681
30.007942
30.008251
30.008574
30.008829
30.008957
30.008933
30.00874
30.008408
30.007994
30.00758
30.007229
30.00702
30.006977
30.007096
30.007353
30.007691
30.008065
30.008423
30.008726
30.008962
30.009161
30.009344
30.009564
30.009843
30.010176
30.010545
30.010914
30.011205
30.01136
30.01132
30.011063
30.010629
30.010054
30.009419
30.008807
30.008294
30.007923
30.007719
30.007664
30.007705
30.007802
30.007885
30.007921
30.007885
30.007796
30.007686
30.007597
30.007562
30.007603
30.007719
30.00789
30.008044
30.008113
30.008046
30.007805
30.007387
30.006825
30.006184
30.005533
30.004959
30.004509
30.004217
30.004085
30.004077
30.004147
30.004238
30.004309
30.004345
30.004336
30.00431
30.004326
30.004426
30.004621
30.004921
30.005292
30.005693
30.006036
30.006257
30.006328
30.006214
30.005944
30.005562
30.005139
30.004746
30.004456
30.004321
30.004341
30.004479
30.004702
30.004933
30.005111
30.005211
30.005214
30.005142
30.005034
30.004954
30.004931
30.004987
30.005103
30.005243
30.005346
30.005348
30.005202
30.004879
30.004392
30.003774
30.003089
30.00242
30.001832
30.001388
30.001117
30.001
30.001002
30.001059
30.001104
30.001104
30.001035
30.000896
30.000744
30.00062
30.000555
30.000589
30.000715
30.000908
30.001112
30.001268
30.001312
30.001202
30.000923
30.000505
30.000009
29.9995
29.99908
29.998807
29.998723
29.998836
29.999131
29.999558
30.000041
30.000519
30.000965
30.001378
30.001774
30.002183
30.002646
30.003192
30.003824
30.004525
30.005245
30.005928
30.006498
30.006916
30.007139
30.007193
30.007116
30.006978
30.006848
30.006817
30.00693
30.007204
30.007628
30.008157
30.008736
30.009305
30.009819
30.010279
30.010688
30.011084
30.011498
30.011968
30.012523
30.013147
30.013811
30.014454
30.015015
30.015412
30.015607
30.01559
30.015397
30.015091
30.014742
30.014438
30.014229
30.014165
30.014232
30.014395
30.014611
30.014827
30.015002
30.015108
30.01514
30.015117
30.015088
30.015089
30.015149
30.015287
30.015481
30.015661
30.015773
30.01576
30.015584
30.015216
30.014677
30.014019
30.013304
30.012614
30.012029
30.011589
30.011305
30.011144
30.011063
30.01101
30.010925
30.010784
30.010568
30.0103
30.010015
30.00976
30.009569
30.009464
30.009446
30.009476
30.009489
30.009436
30.009264
30.008935
30.008442
30.007834
30.007172
30.006536
30.006004
30.005632
30.005462
30.005483
30.005666
30.005951
30.00627
30.006556
30.006794
30.006971
30.007116
30.007286
30.007507
30.007797
30.008168
30.008574
30.00898
30.009324
30.009544
30.009593
30.00946
30.009174
30.008796
30.008409
30.008077
30.007864
30.007817
30.007932
30.008202
30.008566
30.008975
30.009375
30.009724
30.010026
30.010286
30.010543
30.010827
30.011179
30.011592
30.012059
30.012522
30.012936
30.013234
30.013366
30.013299
30.013048
30.012646
30.012155
30.01166
30.011244
30.010951
30.010808
30.010802
30.010899
30.011054
30.011197
30.011292
30.011332
30.011329
30.011311
30.011317
30.011394
30.011558
30.011802
30.012085
30.012354
30.012537
30.01258
30.012446
30.012128
30.01166
30.011105
30.010534
30.010014
30.009616
30.009372
30.009285
30.009319
30.009427
30.009553
30.009654
30.0097
30.009702
30.009672
30.009652
30.009694
30.009834
30.010064
30.010373
30.010701
30.011001
30.011202
30.011271
30.011186
30.01095
30.010606
30.010222
30.00987
30.009619
30.009522
30.009578
30.009767
30.010052
30.010369
30.010668
30.010911
30.011089
30.011195
30.011281
30.011384
30.011533
30.011749
30.012011
30.012266
30.012476
30.012576
30.01252
30.012277
30.011845
30.011279
30.010641
30.009999
30.009438
30.009004
30.008729
30.008597
30.008577
30.008626
30.008689
30.00871
30.008662
30.008547
30.008382
30.00822
30.008097
30.008025
30.00801
30.008022
30.008019
30.007933
30.007699
30.007288
30.006681
30.005922
30.005063
30.004184
30.003362
30.002654
30.002101
30.001714
30.00146
30.001295
30.001167
30.001034
30.000883
30.000703
30.000507
30.000337
30.000243
30.000245
30.000354
30.000543
30.000769
30.000967
30.001067
30.001022
30.000815
30.000454
29.999984
29.999477
29.999007
29.998646
29.998445
29.998423
29.998572
29.998848
29.999196
29.999557
29.9999
30.000206
30.000476
30.000748
30.001069
30.001472
30.001981
30.002577
30.003226
30.003865
30.004429
30.004854
30.005112
30.0052
30.005142
30.005009
30.004874
30.004795
30.004829
30.005002
30.00531
30.005715
30.006167
30.006626
30.007045
30.00739
30.007653
30.007866
30.008071
30.008318
30.008627
30.009012
30.009444
30.009887
30.010256
30.010491
30.010567
30.010467
30.010201
30.009815
30.009382
30.008994
30.008718
30.008604
30.00865
30.008835
30.009102
30.009392
30.009656
30.009861
30.009997
30.01008
30.010136
30.010208
30.010341
30.010555
30.010823
30.01111
30.011335
30.011454
30.011402
30.01117
30.01077
30.010235
30.009644
30.00906
30.008564
30.008215
30.00804
30.008018
30.008111
30.008273
30.008449
30.008577
30.008649
30.008678
30.00869
30.008724
30.008828
30.009017
30.009283
30.009586
30.009873
30.01009
30.010161
30.010049
30.009748
30.009293
30.008731
30.008154
30.00763
30.007229
30.007001
30.006944
30.007035
30.007219
30.007434
30.007633
30.007798
30.007915
30.008012
30.008125
30.008302
30.008576
30.008952
30.009397
30.009868
30.010312
30.010655
30.010844
30.01086
30.010707
30.010432
30.010104
30.009796
30.009581
30.009512
30.009607
30.009843
30.010179
30.01055
30.010921
30.011248
30.011517
30.011736
30.011948
30.012184
30.012487
30.012886
30.013367
30.013899
30.014423
30.014876
30.015195
30.015336
30.015284
30.015071
30.014757
30.014427
30.014162
30.014024
30.014036
30.014198
30.01447
30.014802
30.015118
30.015381
30.015563
30.01566
30.015693
30.01571
30.01575
30.015842
30.016007
30.016205
30.01639
30.016507
30.016499
30.016328
30.015965
30.015447
30.014825
30.014171
30.013561
30.013068
30.012728
30.012546
30.012506
30.012575
30.012689
30.012782
30.012822
30.012786
30.012692
30.012575
30.012496
30.012482
30.012553
30.012687
30.012848
30.012973
30.012998
30.012876
30.012575
30.012092
30.011464
30.010759
30.010044
30.00941
30.008904
30.008558
30.008377
30.008324
30.008354
30.008409
30.008447
30.008436
30.008371
30.008284
30.008199
30.008172
30.008205
30.008302
30.008445
30.008566
30.008598
30.008492
30.008194
30.007689
30.007019
30.006239
30.005411
30.004618
30.003939
30.003415
30.003055
30.002827
30.002687
30.002565
30.002422
30.002215
30.001946
30.001637
30.001338
30.001089
30.00092
30.000849
30.000854
30.0009
30.000922
30.000856
30.000654
30.000283
29.999757
29.999107
29.998396
29.997706
29.997102
29.996646
29.996365
29.996258
29.996268
29.996349
29.996447
29.99652
29.996555
29.996561
29.996561
29.996611
29.99675
29.996988
29.997331
29.997746
29.998172
29.998543
29.998795
29.998897
29.998848
29.998669
29.998412
29.998155
29.997973
29.997942
29.998077
29.998388
29.998844
29.999381
29.999934
30.000449
30.000909
30.001297
30.001641
30.001978
30.002356
30.002792
30.003296
30.003859
30.004419
30.004929
30.005319
30.005539
30.005573
30.005447
30.005203
30.00491
30.004656
30.004509
30.004516
30.004692
30.005011
30.00543
30.005898
30.006359
30.006767
30.00711
30.007396
30.007649
30.007924
30.008246
30.008631
30.009072
30.009529
30.009936
30.010223
30.010345
30.010267
30.009988
30.009543
30.009002
30.008451
30.007976
30.007623
30.007439
30.007405
30.007487
30.007636
30.007798
30.007931
30.008003
30.008029
30.008035
30.008063
30.00814
30.00829
30.008525
30.008821
30.00912
30.009345
30.009439
30.00936
30.009099
30.008672
30.008145
30.007589
30.007077
30.006662
30.006401
30.006296
30.006331
30.006453
30.006603
30.006736
30.006817
30.006841
30.006837
30.006848
30.006905
30.007049
30.007273
30.00757
30.007898
30.00819
30.008377
30.008393
30.008226
30.007889
30.007413
30.006859
30.006312
30.005852
30.005522
30.00535
30.005319
30.005379
30.005488
30.00558
30.00562
30.005587
30.005497
30.005385
30.005294
30.005273
30.005341
30.005492
30.005703
30.005903
30.006036
30.006045
30.005908
30.00561
30.005179
30.004674
30.004177
30.00375
30.003457
30.003323
30.003349
30.003514
30.003761
30.004049
30.004325
30.004552
30.004718
30.004852
30.004977
30.005144
30.005376
30.005668
30.006
30.006336
30.006599
30.006747
30.006735
30.006548
30.006197
30.005731
30.005223
30.004746
30.004375
30.004163
30.00411
30.004197
30.004389
30.004638
30.00489
30.005103
30.005281
30.00543
30.005588
30.005785
30.006059
30.006421
30.006842
30.007299
30.007718
30.008048
30.008233
30.00825
30.008087
30.007773
30.007388
30.006991
30.006666
30.006455
30.006388
30.006466
30.006653
30.006901
30.007154
30.00737
30.007536
30.00766
30.007768
30.007895
30.008087
30.00836
30.008705
30.009097
30.009481
30.009797
30.009968
30.009971
30.009776
30.009419
30.008946
30.008431
30.007949
30.007554
30.007289
30.007161
30.007159
30.007235
30.007333
30.007409
30.007434
30.0074
30.007323
30.00725
30.007216
30.00725
30.00735
30.007498
30.007663
30.007784
30.007797
30.007659
30.007339
30.006853
30.006251
30.005593
30.00496
30.004413
30.003995
30.00372
30.003578
30.003521
30.003495
30.003441
30.003331
30.003164
30.002939
30.002693
30.002472
30.00231
30.002232
30.002236
30.002285
30.002314
30.002275
30.002115
30.001795
30.00131
30.000692
30.000004
29.999332
29.998758
29.99834
29.998103
29.998062
29.998169
29.998387
29.998649
29.99892
29.999176
29.999413
29.999649
29.999914
30.000248
30.000679
30.001192
30.001773
30.002358
30.002898
30.003321
30.003592
30.003691
30.003639
30.003473
30.003278
30.003135
30.003105
30.003233
30.003529
30.003982
30.004544
30.005157
30.005762
30.006311
30.006788
30.007217
30.007636
30.008091
30.008615
30.009215
30.009877
30.010554
30.011192
30.011716
30.012071
30.01222
30.012156
30.011915
30.011563
30.011187
30.010872
30.010663
30.010591
30.010643
30.010787
30.010981
30.011155
30.011275
30.011316
30.011296
30.011249
30.011199
30.011201
30.011277
30.011426
30.011627
30.011809
30.011921
30.011889
30.011678
30.011266
30.010675
30.009979
30.009255
30.008578
30.008022
30.007623
30.007388
30.007281
30.007257
30.007244
30.007203
30.007107
30.006955
30.006762
30.006562
30.006412
30.006339
30.006362
30.006474
30.006634
30.006773
30.006824
30.006735
30.006474
30.006068
30.005546
30.004981
30.00445
30.004026
30.003764
30.003682
30.003757
30.00395
30.004191
30.004429
30.004607
30.004718
30.004774
30.004807
30.004855
30.004968
30.005161
30.005429
30.005731
30.005998
30.00618
30.006206
30.006042
30.005703
30.005222
30.004643
30.004055
30.003545
30.003174
30.002972
30.002936
30.003027
30.003194
30.003381
30.003526
30.003617
30.003649
30.003635
30.003622
30.003644
30.003746
30.003924
30.004155
30.004386
30.004559
30.004615
30.004491
30.004182
30.003704
30.003109
30.002455
30.001842
30.001344
30.000997
30.000826
30.00079
30.000859
30.000971
30.001077
30.001141
30.001154
30.001128
30.001109
30.001131
30.001235
30.001453
30.00177
30.002136
30.00248
30.002746
30.002877
30.002832
30.002619
30.002284
30.001881
30.001489
30.001184
30.001022
30.001043
30.001237
30.001557
30.001949
30.00237
30.002766
30.003119
30.00343
30.00372
30.004041
30.004431
30.0049
30.005453
30.006075
30.006719
30.007311
30.007781
30.008095
30.008248
30.008259
30.008162
30.008037
30.007965
30.008004
30.008198
30.008539
30.009021
30.00958
30.01015
30.01068
30.011134
30.011519
30.011844
30.012151
30.012473
30.012852
30.013282
30.013761
30.014247
30.014676
30.014999
30.015163
30.015134
30.014924
30.014563
30.014131
30.013707
30.01337
30.013159
30.013101
30.013178
30.013355
30.013569
30.013753
30.013876
30.013914
30.01387
30.013782
30.013679
30.013604
30.013586
30.013629
30.013701
30.013739
30.013681
30.013464
30.013059
30.01247
30.011735
30.010907
30.010062
30.009275
30.00862
30.008133
30.00782
30.007644
30.00756
30.007511
30.007456
30.007361
30.007221
30.007067
30.006924
30.006845
30.006852
30.006958
30.007138
30.007352
30.007517
30.007588
30.007515
30.007266
30.006852
30.006323
30.005754
30.005237
30.004842
30.004619
30.004583
30.004708
30.004952
30.005263
30.005583
30.005867
30.006101
30.006308
30.006526
30.006783
30.007115
30.007533
30.008025
30.008543
30.009035
30.009443
30.009709
30.009807
30.009741
30.009535
30.009245
30.008949
30.008728
30.008619
30.008652
30.008826
30.009104
30.009436
30.009767
30.010054
30.010267
30.010419
30.010539
30.010666
30.010832
30.011077
30.011392
30.011755
30.012111
30.0124
30.012562
30.012553
30.012363
30.012004
30.011525
30.011001
30.010507
30.010118
30.009869
30.009767
30.009797
30.009909
30.010044
30.010142
30.010157
30.01009
30.009963
30.009811
30.009679
30.0096
30.00958
30.009606
30.00963
30.0096
30.00946
30.009168
30.008697
30.008067
30.007311
30.006513
30.005753
30.005091
30.00459
30.004256
30.004092
30.004043
30.004064
30.004102
30.004101
30.004052
30.003967
30.003875
30.003815
30.003815
30.003896
30.004055
30.004251
30.004436
30.004556
30.004553
30.004369
30.004017
30.00351
30.002914
30.0023
30.001738
30.001299
30.001015
30.000891
30.000908
30.000996
30.001101
30.001182
30.001225
30.00122
30.001197
30.001196
30.001246
30.00137
30.001565
30.001808
30.002049
30.002228
30.002287
30.002183
30.001887
30.001418
30.000827
30.000192
29.999592
29.9991
29.998756
29.998583
29.998544
29.998607
29.998711
29.99881
29.998883
29.998919
29.998925
29.998926
29.998976
29.999097
29.999323
29.999622
29.999971
30.000314
30.000593
30.000746
30.00073
30.000551
30.000253
29.999888
29.999533
29.999265
29.999139
29.999176
29.999371
29.999681
30.000054
30.000432
30.000786
30.001081
30.001323
30.001555
30.00181
30.002129
30.002525
30.003005
30.003539
30.004084
30.004572
30.004936
30.005145
30.005179
30.00508
30.004899
30.004714
30.004599
30.004611
30.004789
30.005124
30.005607
30.006189
30.0068
30.007401
30.007946
30.008436
30.008892
30.009346
30.009824
30.010363
30.010971
30.011635
30.012309
30.012923
30.013426
30.013762
30.013894
30.013851
30.013676
30.013422
30.013185
30.013018
30.012979
30.013091
30.013349
30.013713
30.014131
30.014546
30.014931
30.015268
30.01556
30.01583
30.016113
30.016451
30.016859
30.017328
30.017816
30.018255
30.018575
30.018729
30.018683
30.018433
30.018017
30.017484
30.016909
30.016368
30.015936
30.015648
30.015494
30.015445
30.015458
30.015483
30.015482
30.015426
30.015312
30.015155
30.015006
30.014901
30.014867
30.014905
30.014996
30.015091
30.015117
30.015018
30.014757
30.014309
30.013694
30.012965
30.012185
30.011435
30.010778
30.010259
30.009891
30.009663
30.009529
30.009435
30.009319
30.009155
30.00894
30.008691
30.008439
30.008227
30.008102
30.008081
30.008139
30.008238
30.008313
30.008299
30.008146
30.007821
30.007338
30.006728
30.006071
30.005445
30.004928
30.004557
30.004358
30.004329
30.004429
30.004608
30.004807
30.004982
30.005099
30.005171
30.005223
30.005294
30.005432
30.005652
30.005947
30.006293
30.006651
30.006958
30.007149
30.007178
30.007048
30.006782
30.00642
30.006045
30.00574
30.005565
30.005562
30.005725
30.006028
30.006413
30.006834
30.007219
30.007535
30.00779
30.007993
30.008188
30.008426
30.008743
30.00913
30.009563
30.010002
30.010384
30.010626
30.010687
30.010537
30.010197
30.009702
30.009119
30.008534
30.008032
30.007656
30.007436
30.007376
30.007421
30.007508
30.007591
30.007633
30.007608
30.007533
30.00744
30.007369
30.007353
30.007414
30.007548
30.007719
30.00786
30.007906
30.007807
30.007513
30.007025
30.006384
30.00564
30.00487
30.004168
30.003586
30.00316
30.002881
30.002718
30.00263
30.002565
30.002467
30.002327
30.002142
30.001945
30.001759
30.00164
30.001627
30.001711
30.001885
30.002107
30.002306
30.002413
30.00236
30.002135
30.001748
30.001248
30.000708
30.000203
29.999805
29.999569
29.999513
29.999612
29.999809
30.000041
30.000259
30.000426
30.000533
30.000593
30.000651
30.00074
30.000905
30.001159
30.001473
30.001828
30.002152
30.002375
30.002446
30.00233
30.002039
30.001606
30.001091
30.000578
30.000131
29.999815
29.999658
29.999642
29.999734
29.999887
30.000032
30.000113
30.00011
30.000024
29.999897
29.999775
29.999695
29.999684
29.999744
29.999855
29.999968
30.000027
29.999974
29.999748
29.999344
29.998778
29.998121
29.997443
29.996818
29.996317
29.995992
29.995843
29.995865
29.996017
29.996229
29.996464
29.996675
29.996847
29.997003
29.997178
29.997416
29.99775
29.998185
29.998703
29.999256
29.999787
30.000238
30.000547
30.000689
30.000665
30.000535
30.000362
30.000213
30.000173
30.000288
30.000587
30.001055
30.001658
30.002333
30.003029
30.00369
30.004311
30.004904
30.005481
30.006086
30.006751
30.007482
30.008282
30.009117
30.009942
30.010688
30.011287
30.011691
30.011885
30.011899
30.011776
30.011603
30.011451
30.011387
30.011445
30.011629
30.011904
30.012225
30.012538
30.012803
30.01299
30.013097
30.013158
30.013201
30.013281
30.013423
30.013627
30.013873
30.01411
30.014283
30.014332
30.014216
30.013925
30.013455
30.012859
30.012199
30.011558
30.011016
30.010614
30.010362
30.010247
30.010239
30.010276
30.010294
30.010263
30.010159
30.010002
30.009827
30.009676
30.009583
30.009571
30.009638
30.009746
30.009829
30.00984
30.009724
30.009446
30.009014
30.008459
30.00784
30.007221
30.006687
30.006282
30.006053
30.005982
30.006049
30.006201
30.00638
30.00654
30.006646
30.00671
30.006757
30.006826
30.006963
30.007183
30.00748
30.007827
30.00817
30.00845
30.008605
30.008591
30.008397
30.008053
30.007603
30.007118
30.006687
30.006378
30.006221
30.006235
30.006395
30.006664
30.006974
30.007272
30.007537
30.007755
30.00793
30.008106
30.008312
30.008573
30.008904
30.009299
30.009716
30.010088
30.010346
30.010442
30.010361
30.010111
30.009722
30.009254
30.008788
30.008388
30.008117
30.007985
30.007996
30.008115
30.00828
30.008439
30.008555
30.008619
30.008641
30.00865
30.0087
30.008816
30.009014
30.009289
30.009614
30.009919
30.010147
30.010243
30.010166
30.009907
30.009479
30.008952
30.008396
30.007883
30.007485
30.007235
30.007139
30.007161
30.007255
30.007366
30.007434
30.007434
30.007381
30.007291
30.00719
30.00712
30.007128
30.007211
30.00735
30.007493
30.007583
30.007561
30.007401
30.00707
30.006599
30.006032
30.005423
30.004848
30.004383
30.004063
30.003914
30.003915
30.004013
30.004163
30.004298
30.004383
30.00441
30.004393
30.00436
30.004352
30.004415
30.004548
30.004749
30.004979
30.005173
30.005284
30.00524
30.00501
30.004609
30.004069
30.003454
30.002848
30.002315
30.00192
30.001674
30.001581
30.001606
30.001703
30.001816
30.001905
30.001955
30.001957
30.001941
30.001945
30.002002
30.002131
30.002312
30.002511
30.002684
30.002781
30.00273
30.002498
30.00208
30.001496
30.000817
30.000116
29.999466
29.998923
29.998543
29.99833
29.998266
29.9983
29.998371
29.998433
29.998453
29.998423
29.998372
29.998342
29.998365
29.998478
29.998694
29.999001
29.999351
29.999674
29.999898
29.999973
29.99988
29.999626
29.999256
29.998824
29.998408
29.998082
29.997904
29.997893
29.998045
29.998318
29.99864
29.998975
29.999277
29.99953
29.999758
29.999979
30.000243
30.000586
30.001034
30.00157
30.00216
30.002743
30.003255
30.003649
30.003874
30.003931
30.003842
30.003679
30.003516
30.00341
30.00342
30.003588
30.003907
30.004351
30.004863
30.005379
30.005852
30.006264
30.006602
30.006896
30.007184
30.007514
30.007904
30.008365
30.008889
30.009412
30.009888
30.010248
30.010441
30.010451
30.010304
30.010041
30.009731
30.009463
30.009304
30.009282
30.009419
30.00969
30.01004
30.010423
30.010789
30.011097
30.011338
30.011522
30.011677
30.011841
30.012044
30.012307
30.012609
30.012917
30.01317
30.013305
30.013277
30.013056
30.01264
30.012069
30.01141
30.010753
30.010163
30.009708
30.009419
30.00928
30.009274
30.009335
30.00941
30.009458
30.00945
30.009383
30.009288
30.009211
30.009184
30.009249
30.009398
30.009592
30.009779
30.009887
30.009862
30.009666
30.009292
30.008757
30.008112
30.007432
30.006794
30.006272
30.005903
30.00571
30.005674
30.005739
30.005844
30.005942
30.005997
30.006002
30.005984
30.005987
30.006056
30.006211
30.006479
30.006827
30.007211
30.007578
30.007853
30.007965
30.007898
30.007662
30.007302
30.006892
30.006506
30.006217
30.00606
30.006079
30.006246
30.006524
30.00686
30.007199
30.007497
30.00774
30.007935
30.008108
30.008313
30.008572
30.008919
30.009344
30.009818
30.0103
30.010726
30.011028
30.011161
30.011108
30.010899
30.010594
30.010275
30.010023
30.009899
30.009926
30.01012
30.010437
30.010822
30.011215
30.01157
30.011853
30.012075
30.012247
30.012411
30.012619
30.01289
30.013239
30.013638
30.014032
30.01436
30.014579
30.014639
30.014524
30.014245
30.013847
30.013402
30.012986
30.012671
30.012509
30.01252
30.01268
30.012949
30.013259
30.013559
30.013808
30.013979
30.014087
30.014162
30.014245
30.014368
30.014554
30.014801
30.015071
30.0153
30.015422
30.01539
30.015171
30.014763
30.014203
30.013558
30.012916
30.012342
30.011905
30.011632
30.011526
30.011566
30.011681
30.011815
30.011925
30.011979
30.011973
30.011938
30.011917
30.01196
30.012086
30.01229
30.012548
30.012806
30.012988
30.013039
30.0129
30.012568
30.012061
30.011434
30.010765
30.010131
30.009608
30.009235
30.009017
30.008941
30.008956
30.009004
30.009042
30.009035
30.008959
30.008833
30.00869
30.008571
30.008509
30.008527
30.008604
30.008708
30.008777
30.008764
30.008602
30.00826
30.007755
30.007119
30.006415
30.005729
30.005124
30.004665
30.004362
30.0042
30.004151
30.004152
30.004156
30.004109
30.00399
30.003819
30.003629
30.003465
30.00336
30.003336
30.003392
30.003507
30.003612
30.003655
30.003578
30.00336
30.002987
30.002487
30.001902
30.001301
30.000771
30.000377
30.000149
30.000086
30.000167
30.000338
30.000538
30.000721
30.000852
30.000922
30.000962
30.000997
30.001079
30.001231
30.001467
30.001762
30.002059
30.002317
30.002469
30.002466
30.002294
30.00198
30.001564
30.001116
30.000707
30.000424
30.000296
30.00034
30.00055
30.000881
30.001261
30.001634
30.001959
30.002222
30.002432
30.002633
30.002858
30.003131
30.00347
30.003868
30.004285
30.004672
30.004975
30.005119
30.005069
30.004821
30.00441
30.003902
30.003368
30.002895
30.002551
30.002364
30.002318
30.00238
30.002523
30.002671
30.002801
30.002881
30.00292
30.002928
30.002947
30.003009
30.003137
30.003331
30.00357
30.003802
30.003972
30.004002
30.003856
30.003526
30.00303
30.002417
30.001766
30.001153
30.000653
30.000302
30.000125
30.000084
30.000147
30.000234
30.000303
30.000321
30.000282
30.000202
30.000109
30.000061
30.000084
30.000196
30.000372
30.000575
30.000759
30.000855
30.00081
30.000608
30.000255
29.999779
29.999237
29.99871
29.998276
29.997977
29.997837
29.997858
29.997999
29.998212
29.998438
29.998652
29.998817
29.998941
29.999049
29.999195
29.999402
29.999703
30.000086
30.000523
30.000974
30.001372
30.001651
30.001781
30.00176
30.001607
30.001375
30.001158
30.001011
30.001008
30.001167
30.001499
30.00197
30.002538
30.003131
30.003712
30.004236
30.004705
30.00514
30.005574
30.006033
30.006553
30.007127
30.007744
30.008365
30.008921
30.009362
30.009637
30.009727
30.009638
30.009435
30.009184
30.008955
30.008837
30.008857
30.009034
30.009363
30.009798
30.010287
30.010771
30.011205
30.011573
30.011902
30.01221
30.01255
30.01294
30.013395
30.013907
30.014433
30.014923
30.015304
30.015524
30.015564
30.015414
30.015105
30.014701
30.014286
30.013925
30.013683
30.01359
30.013646
30.013833
30.014097
30.014377
30.01463
30.01482
30.014958
30.015072
30.015182
30.01534
30.015566
30.015873
30.016236
30.016597
30.016878
30.017022
30.016989
30.016769
30.016395
30.015912
30.015393
30.014911
30.01452
30.014278
30.014189
30.014217
30.014318
30.014434
30.014526
30.014561
30.014535
30.014463
30.014394
30.014362
30.014396
30.014496
30.014661
30.014837
30.014982
30.01503
30.014933
30.014658
30.014219
30.013647
30.013023
30.012426
30.011916
30.011553
30.011345
30.011277
30.011316
30.0114
30.011465
30.011477
30.011414
30.011297
30.011139
30.010991
30.010888
30.010856
30.010898
30.010976
30.011027
30.011004
30.010837
30.010494
30.009974
30.009312
30.008557
30.007785
30.007087
30.006531
30.006147
30.005939
30.005867
30.005866
30.005883
30.005878
30.005822
30.00571
30.005576
30.005446
30.005375
30.005385
30.005492
30.005669
30.005861
30.006007
30.006027
30.00588
30.005558
30.005075
30.00448
30.003849
30.003275
30.002827
30.002556
30.002477
30.002563
30.002773
30.003054
30.003348
30.003609
30.003823
30.003995
30.004168
30.004372
30.004649
30.005009
30.005442
30.005921
30.006371
30.006737
30.006942
30.006951
30.006775
30.006446
30.006026
30.005598
30.005245
30.005009
30.00492
30.00498
30.00515
30.005384
30.005625
30.005813
30.00594
30.005999
30.006024
30.006057
30.006149
30.006318
30.006577
30.006881
30.007195
30.007439
30.007554
30.007498
30.007244
30.006827
30.006297
30.005727
30.005192
30.00475
30.004457
30.00432
30.004321
30.004409
30.004526
30.00461
30.004631
30.004588
30.004495
30.004385
30.0043
30.004289
30.00435
30.004466
30.004604
30.004701
30.004695
30.004541
30.004208
30.003711
30.003101
30.002437
30.001799
30.001247
30.000844
30.000616
30.000543
30.000588
30.000688
30.000791
30.000842
30.000816
30.000734
30.000628
30.000541
30.000506
30.000547
30.000679
30.00086
30.001038
30.001158
30.00116
30.001003
30.000676
30.00021
29.999648
29.99908
29.998589
29.998239
29.998055
29.998055
29.998194
29.998436
29.998714
29.998979
29.999211
29.999394
29.999554
29.999729
29.999945
30.000241
30.000609
30.001041
30.001475
30.00185
30.002101
30.002182
30.002079
30.001805
30.001406
30.000956
30.000532
30.000224
30.000063
30.000088
30.000272
30.000589
30.000964
30.001341
30.001675
30.001951
30.002195
30.002427
30.002698
30.003044
30.003475
30.003997
30.004574
30.005147
30.005651
30.00602
30.006226
30.006252
30.006139
30.005943
30.005723
30.005559
30.00553
30.005656
30.005933
30.006318
30.006776
30.007244
30.007691
30.008096
30.008441
30.008751
30.009081
30.009471
30.00995
30.010504
30.011121
30.011735
30.012282
30.012695
30.012944
30.01301
30.012902
30.012663
30.012367
30.012103
30.01194
30.01191
30.012035
30.012292
30.012625
30.012974
30.013291
30.013543
30.013721
30.01384
30.013929
30.014029
30.014186
30.014402
30.014675
30.014968
30.015234
30.015403
30.015425
30.015264
30.014933
30.014462
30.013915
30.013373
30.012919
30.012594
30.012427
30.0124
30.012482
30.012625
30.012759
30.012831
30.012836
30.012773
30.012677
30.012576
30.012527
30.012535
30.012603
30.012699
30.012779
30.012791
30.012664
30.012363
30.011886
30.011249
30.010506
30.009751
30.009058
30.008497
30.008101
30.007875
30.007799
30.007823
30.007885
30.007941
30.007954
30.007918
30.007863
30.007813
30.007802
30.007874
30.008025
30.008232
30.00846
30.008646
30.008725
30.008651
30.008411
30.008013
30.007506
30.006962
30.006438
30.00601
30.005736
30.005637
30.00569
30.005858
30.006092
30.006334
30.006543
30.006704
30.006826
30.00695
30.007108
30.007341
30.007661
30.008058
30.008503
30.008924
30.009262
30.009462
30.00948
30.009326
30.009026
30.008642
30.008235
30.007893
30.007658
30.007582
30.007644
30.007828
30.008065
30.008302
30.008515
30.008671
30.008762
30.00882
30.008886
30.008992
30.00918
30.009442
30.009755
30.010081
30.010359
30.01054
30.010573
30.010441
30.010169
30.009797
30.009392
30.009042
30.008795
30.008701
30.00876
30.008952
30.00924
30.009559
30.009861
30.010106
30.010303
30.01046
30.010617
30.010807
30.01107
30.0114
30.011791
30.012203
30.012567
30.012835
30.012954
30.012887
30.012644
30.012257
30.011804
30.011346
30.010965
30.010703
30.010591
30.010613
30.010735
30.010912
30.011093
30.01122
30.011268
30.011254
30.011194
30.011136
30.011116
30.01116
30.011252
30.011378
30.011474
30.011475
30.011333
30.011017
30.010521
30.009867
30.009105
30.008316
30.007575
30.006958
30.006501
30.006194
30.006007
30.005897
30.005814
30.005717
30.005576
30.005389
30.00517
30.004949
30.004767
30.004654
30.004631
30.004676
30.004737
30.004756
30.004673
30.004443
30.004036
30.00347
30.002795
30.002071
30.001378
30.000777
30.000329
30.000043
29.999921
29.999908
29.999961
30.000028
30.000068
30.000069
30.000041
30.000027
30.000058
30.000177
30.000394
30.000698
30.001044
30.001379
30.001645
30.001782
30.001767
30.0016
30.001306
30.000955
30.000623
30.000366
30.00024
30.000271
30.000454
30.000749
30.001105
30.001463
30.00178
30.002042
30.002237
30.002396
30.002559
30.002774
30.003077
30.003457
30.003887
30.00431
30.004666
30.004892
30.004963
30.00486
30.004595
30.004228
30.003829
30.003466
30.00321
30.00311
30.003166
30.003357
30.003629
30.00392
30.004185
30.004388
30.00454
30.004649
30.00476
30.004904
30.005123
30.005429
30.005794
30.006179
30.006516
30.006758
30.006851
30.006759
30.006494
30.006104
30.005662
30.005244
30.004923
30.004755
30.004757
30.004907
30.005166
30.005484
30.005804
30.006083
30.006308
30.006487
30.006644
30.006834
30.00708
30.007415
30.007829
30.008293
30.008749
30.009137
30.009376
30.009426
30.009298
30.009018
30.008631
30.008224
30.007862
30.007615
30.007511
30.007573
30.007758
30.008014
30.008284
30.008524
30.008716
30.008852
30.008959
30.009078
30.009254
30.009507
30.009846
30.010244
30.010642
30.010978
30.01119
30.011232
30.011074
30.010734
30.010262
30.009736
30.009234
30.008814
30.008535
30.008406
30.00841
30.008515
30.008659
30.008794
30.008867
30.008874
30.008829
30.008765
30.008723
30.008733
30.008835
30.009023
30.009254
30.009459
30.009588
30.009585
30.009413
30.00908
30.008616
30.00808
30.007554
30.007118
30.006813
30.006684
30.006726
30.006898
30.007147
30.007412
30.00765
30.007826
30.007951
30.008053
30.008169
30.008347
30.008621
30.008996
30.00944
30.009891
30.010284
30.010554
30.010672
30.01062
30.010405
30.010088
30.009736
30.009437
30.009271
30.009281
30.009477
30.009827
30.010285
30.010781
30.011259
30.011678
30.012025
30.012326
30.012605
30.012896
30.013241
30.013655
30.014131
30.014624
30.015085
30.015441
30.015638
30.015641
30.01546
30.015128
30.014705
30.014276
30.013922
30.013686
30.013597
30.013639
30.013779
30.013974
30.01417
30.014327
30.014417
30.014435
30.014417
30.014407
30.014438
30.014552
30.014727
30.014945
30.015154
30.015282
30.015275
30.015078
30.014689
30.014127
30.013447
30.012728
30.012048
30.011483
30.01107
30.010818
30.010692
30.010631
30.010584
30.010514
30.010393
30.010201
30.009976
30.00975
30.009563
30.009444
30.009398
30.009408
30.009443
30.009425
30.009297
30.009018
30.008561
30.007944
30.007201
30.006415
30.005649
30.004985
30.004466
30.004122
30.003936
30.003855
30.003822
30.003772
30.003658
30.00348
30.003258
30.003025
30.002824
30.002686
30.002636
30.00267
30.002749
30.002827
30.00283
30.002707
30.002421
30.001981
30.001401
30.000744
30.000096
29.999523
29.999089
29.998823
29.998726
29.998759
29.998872
29.999026
29.999155
29.999244
29.999283
29.999301
29.999339
29.999424
29.999581
29.999822
30.000122
30.000425
30.00067
30.000814
30.000807
30.000634
30.000302
29.999876
29.999422
29.999011
29.998712
29.998574
29.998597
29.998759
29.999023
29.999323
29.999609
29.999859
30.00006
30.000237
30.000408
30.000625
30.000906
30.001265
30.001693
30.002146
30.002572
30.002899
30.00309
30.003103
30.002946
30.002664
30.00231
30.001963
30.0017
30.001575
30.00163
30.001836
30.00217
30.002577
30.002994
30.003392
30.003749
30.004067
30.004366
30.00468
30.005049
30.005489
30.006007
30.006573
30.007127
30.007608
30.007951
30.008112
30.008079
30.007882
30.007583
30.007247
30.006945
30.006745
30.006679
30.006752
30.006947
30.007211
30.007488
30.007732
30.007911
30.008019
30.008088
30.008145
30.008225
30.008374
30.00859
30.00887
30.009173
30.009418
30.009542
30.009502
30.009286
30.008905
30.00839
30.007821
30.007258
30.006783
30.006438
30.006252
30.006209
30.006274
30.006385
30.006493
30.006561
30.006562
30.006513
30.006444
30.006397
30.006402
30.006482
30.006635
30.006823
30.006996
30.007086
30.007038
30.006819
30.006437
30.005925
30.005342
30.004771
30.004275
30.003917
30.003724
30.003697
30.003812
30.004017
30.004248
30.00446
30.004635
30.004759
30.004862
30.004979
30.005141
30.005386
30.005706
30.006075
30.006457
30.006786
30.006997
30.007045
30.006914
30.006634
30.006246
30.005821
30.005447
30.005191
30.005082
30.005123
30.005294
30.00556
30.005857
30.006135
30.006376
30.006565
30.00671
30.006855
30.007031
30.007261
30.007564
30.007914
30.008258
30.008553
30.008735
30.008739
30.008555
30.008198
30.007699
30.00714
30.006583
30.006109
30.00578
30.005603
30.005581
30.005676
30.005841
30.00602
30.006169
30.006259
30.006301
30.006341
30.006414
30.006562
30.006801
30.00712
30.007492
30.007879
30.008216
30.008419
30.008464
30.008335
30.008059
30.007696
30.007327
30.007016
30.006825
30.006782
30.006905
30.007152
30.007469
30.007815
30.008139
30.008405
30.008604
30.008764
30.008926
30.009123
30.009375
30.0097
30.010072
30.010437
30.010735
30.010906
30.010906
30.010723
30.010372
30.009882
30.009333
30.008788
30.008327
30.007993
30.007817
30.00778
30.007834
30.007918
30.00799
30.008015
30.007969
30.00787
30.00775
30.007653
30.00761
30.007627
30.007707
30.007815
30.007888
30.007864
30.007696
30.007352
30.006848
30.006215
30.005499
30.004789
30.004151
30.003636
30.003278
30.003082
30.003013
30.003008
30.003014
30.002995
30.00294
30.00284
30.002726
30.00264
30.002611
30.00268
30.002839
30.003044
30.003246
30.003387
30.003408
30.003251
30.002909
30.002416
30.001821
30.001196
30.000633
30.0002
29.999928
29.999837
29.999902
30.000067
30.000286
30.000507
30.000706
30.000866
30.001011
30.001177
30.00139
30.001687
30.002075
30.002543
30.003042
30.003501
30.003867
30.004083
30.004112
30.003961
30.003679
30.003338
30.003013
30.002777
30.002668
30.002709
30.002899
30.003198
30.003554
30.003911
30.004226
30.004484
30.004693
30.004877
30.005093
30.005361
30.005717
30.006149
30.006611
30.007051
30.007411
30.007632
30.007673
30.007523
30.007215
30.00681
30.006377
30.005985
30.005703
30.005581
30.005619
30.005794
30.006051
30.006331
30.006586
30.006781
30.006908
30.007
30.007097
30.007232
30.007427
30.007698
30.008022
30.008361
30.00865
30.008808
30.008792
30.008592
30.008221
30.00773
30.007193
30.006686
30.006284
30.006023
30.005927
30.005977
30.006136
30.006338
30.006534
30.006669
30.006735
30.006749
30.00674
30.006749
30.006807
30.006936
30.007116
30.007313
30.007483
30.007558
30.007473
30.007196
30.006711
30.006061
30.0053
30.004525
30.003809
30.003207
30.002757
30.002468
30.002307
30.002212
30.002134
30.002017
30.001839
30.0016
30.001338
30.001082
30.000872
30.000737
30.000678
30.000661
30.000642
30.000568
30.000366
30.000001
29.999451
29.998737
29.997915
29.997065
29.996265
29.995591
29.995097
29.994788
29.994642
29.994623
29.994666
29.994702
29.994697
29.994643
29.99457
29.994503
29.994495
29.994584
29.99478
29.99507
29.995425
29.995769
29.996043
29.996189
29.996181
29.996004
29.995703
29.995349
29.995016
29.994777
29.994685
29.994776
29.99504
29.995446
29.995934
29.996437
29.996923
29.997368
29.997772
29.998171
29.998592
29.999073
29.999643
30.000302
30.001013
30.001731
30.002386
30.002907
30.003245
30.003402
30.0034
30.003296
30.003168
30.003079
30.003092
30.003251
30.003572
30.004024
30.004567
30.005131
30.005663
30.006124
30.006504
30.00683
30.007144
30.007495
30.007901
30.008375
30.008908
30.009455
30.009966
30.010368
30.010609
30.01065
30.010505
30.010222
30.009875
30.009541
30.009294
30.009189
30.009246
30.009444
30.009743
30.010095
30.010444
30.010748
30.010993
30.011188
30.011358
30.011541
30.011782
30.012116
30.012511
30.012944
30.013344
30.013657
30.013827
30.013814
30.013609
30.013247
30.012791
30.012308
30.011888
30.011593
30.011454
30.01147
30.011622
30.011856
30.012111
30.012324
30.012483
30.012579
30.012626
30.01267
30.012745
30.012896
30.013118
30.013389
30.013673
30.013891
30.014001
30.013939
30.013695
30.013283
30.012753
30.01218
30.011641
30.011192
30.010891
30.010745
30.010738
30.010835
30.010974
30.011107
30.011196
30.011234
30.011231
30.011216
30.011243
30.011338
30.011518
30.011757
30.012018
30.012256
30.012399
30.012398
30.012217
30.01185
30.011334
30.010733
30.010134
30.009603
30.009205
30.008953
30.008851
30.008866
30.008935
30.009006
30.009044
30.009019
30.008948
30.008862
30.008782
30.008745
30.008776
30.008876
30.009009
30.009145
30.009211
30.009151
30.008927
30.008532
30.007997
30.007368
30.006717
30.006117
30.005622
30.00527
30.005069
30.005006
30.00503
30.005084
30.005126
30.005121
30.005082
30.005017
30.00497
30.004989
30.005094
30.005297
30.005569
30.00587
30.006134
30.006293
30.006317
30.006166
30.00587
30.005452
30.004986
30.004548
30.004209
30.004026
30.003998
30.004124
30.004365
30.004669
30.004979
30.005252
30.005473
30.005649
30.005806
30.005979
30.006214
30.006525
30.006905
30.007311
30.007692
30.007976
30.00811
30.008056
30.007825
30.007449
30.006988
30.006508
30.006078
30.005765
30.0056
30.00557
30.005642
30.005772
30.005908
30.00601
30.00605
30.006024
30.005965
30.005901
30.005888
30.00593
30.006031
30.006175
30.006313
30.00639
30.006349
30.006131
30.005732
30.005169
30.004476
30.003736
30.003029
30.002416
30.00194
30.001614
30.001427
30.001332
30.001272
30.001207
30.001086
30.000907
30.000688
30.000463
30.000271
30.000146
30.000108
30.000137
30.000199
30.000232
30.000189
30.00002
29.999687
29.999204
29.998616
29.997981
29.997376
29.99686
29.996494
29.996303
29.996283
29.996393
29.996583
29.996793
29.996979
29.997124
29.997236
29.997355
29.997529
29.997795
29.998158
29.998624
29.999156
29.999691
30.000182
30.000558
30.000768
30.000813
30.000713
30.000523
30.000323
30.00019
30.00018
30.000317
30.000615
30.001047
30.001552
30.002084
30.002589
30.003028
30.003407
30.003749
30.004091
30.004478
30.004944
30.005493
30.006095
30.006704
30.007271
30.007723
30.008006
30.008104
30.00804
30.007856
30.007619
30.007401
30.00729
30.007315
30.007495
30.007825
30.00826
30.008731
30.009182
30.009574
30.009895
30.010171
30.010426
30.010712
30.011067
30.011503
30.012006
30.012533
30.013031
30.013443
30.01371
30.013808
30.013723
30.013485
30.013152
30.01279
30.012486
30.012301
30.012264
30.012376
30.012597
30.012879
30.013166
30.013415
30.013594
30.013698
30.013762
30.013828
30.013948
30.01414
30.014401
30.014691
30.014978
30.015187
30.015261
30.015161
30.014861
30.01438
30.013792
30.013169
30.012588
30.012121
30.011803
30.011642
30.01162
30.011687
30.011784
30.011867
30.011902
30.011883
30.011822
30.011749
30.011704
30.011734
30.011837
30.012011
30.012218
30.012392
30.012467
30.012394
30.012142
30.011723
30.011169
30.010544
30.009931
30.009393
30.008995
30.008765
30.008685
30.00872
30.008806
30.008894
30.008947
30.008936
30.008877
30.008801
30.008766
30.008799
30.008917
30.009115
30.009368
30.009624
30.009805
30.009854
30.009733
30.009432
30.008966
30.008404
30.007815
30.007291
30.006897
30.006664
30.006593
30.006664
30.006824
30.007011
30.007164
30.007251
30.007286
30.007282
30.007282
30.007339
30.007473
30.007698
30.007986
30.008281
30.008538
30.008692
30.008693
30.008509
30.008151
30.007672
30.007145
30.006647
30.006235
30.005967
30.005868
30.005916
30.006075
30.006279
30.006478
30.006615
30.006685
30.006703
30.006698
30.006711
30.00679
30.006953
30.007212
30.007518
30.007802
30.00801
30.008085
30.007987
30.007708
30.007279
30.006764
30.006249
30.005797
30.005474
30.005327
30.00535
30.005503
30.005732
30.00598
30.006201
30.006361
30.006454
30.006512
30.006577
30.006681
30.006866
30.007124
30.007451
30.007786
30.008069
30.008234
30.008237
30.008046
30.007694
30.007229
30.006723
30.00625
30.005866
30.005627
30.00554
30.005587
30.005718
30.005873
30.005991
30.006042
30.006025
30.005956
30.005867
30.005799
30.005803
30.005877
30.006022
30.006181
30.006295
30.006302
30.006157
30.005812
30.005271
30.004575
30.003795
30.003003
30.002291
30.001709
30.001289
30.001021
30.000872
30.000801
30.000737
30.000627
30.00045
30.000225
29.999987
29.999762
29.999604
29.999536
29.999556
29.999641
29.999739
29.999792
29.999739
29.999536
29.999172
29.998676
29.99809
29.997504
29.996981
29.99659
29.996377
29.996339
29.996452
29.996678
29.996948
29.997212
29.997428
29.997605
29.997747
29.997895
29.998097
29.998389
29.998777
29.999246
29.99975
30.000234
30.00062
30.000872
30.000964
30.000896
30.000709
30.000454
30.000224
30.000086
30.000094
30.000281
30.000636
30.00111
30.001663
30.002229
30.002775
30.003276
30.003748
30.004207
30.004697
30.005254
30.005883
30.006589
30.007337
30.008083
30.008758
30.009293
30.009658
30.009851
30.009891
30.009849
30.0098
30.009816
30.009952
30.010245
30.010687
30.01125
30.011891
30.012542
30.013151
30.013698
30.014184
30.014632
30.015075
30.015559
30.016097
30.016682
30.017289
30.017883
30.0184
30.018777
30.018969
30.018964
30.018757
30.018401
30.017975
30.017559
30.017212
30.016996
30.016919
30.016966
30.01709
30.017233
30.017352
30.017416
30.017401
30.017326
30.017226
30.017144
30.017112
30.017154
30.017252
30.017372
30.017453
30.017433
30.017266
30.016921
30.016396
30.015746
30.015034
30.014325
30.013705
30.013219
30.012898
30.012745
30.012722
30.012764
30.012818
30.012845
30.012816
30.012746
30.012645
30.012558
30.01252
30.012554
30.01266
30.012818
30.012977
30.01308
30.013068
30.012899
30.012544
30.012039
30.01143
30.010793
30.0102
30.009707
30.009371
30.009197
30.00915
30.009199
30.009286
30.009364
30.009398
30.009381
30.009325
30.009259
30.009221
30.009242
30.009323
30.009449
30.00957
30.009633
30.009579
30.009368
30.008972
30.008409
30.007715
30.006954
30.006213
30.005555
30.005047
30.004697
30.004494
30.004388
30.004341
30.004287
30.004193
30.004036
30.003836
30.003623
30.003442
30.003324
30.003274
30.003294
30.003349
30.003394
30.003361
30.003198
30.002871
30.00239
30.001787
30.001104
30.000429
29.999827
29.999347
29.999023
29.99886
29.99884
29.998911
29.999032
29.999154
29.999255
29.99932
29.999375
29.999474
29.999639
29.999903
30.000271
30.00071
30.001176
30.001599
30.001909
30.002075
30.002074
30.001911
30.001648
30.001349
30.0011
30.000965
30.000972
30.001139
30.001442
30.001841
30.002269
30.002673
30.003034
30.003335
30.003585
30.003826
30.004089
30.004399
30.004773
30.005204
30.005651
30.006048
30.006328
30.006442
30.006375
30.00612
30.005728
30.005258
30.004774
30.004362
30.004066
30.003917
30.0039
30.003985
30.004109
30.004224
30.004296
30.004298
30.004246
30.004156
30.004073
30.004032
30.00406
30.00414
30.004257
30.004346
30.004342
30.004198
30.003879
30.003366
30.00268
30.00188
30.001046
30.000257
29.999591
29.999085
29.998747
29.998545
29.998431
29.998352
29.998267
29.998143
29.997975
29.997777
29.997579
29.997438
29.997378
29.997399
29.99748
29.997571
29.997631
29.997596
29.99742
29.997071
29.996579
29.995974
29.995331
29.994727
29.994236
29.993911
29.993774
29.993798
29.993945
29.994164
29.994397
29.994619
29.994809
29.994971
29.995143
29.995372
29.995691
29.996108
29.996606
29.997155
29.997695
29.998164
29.998497
29.998668
29.99866
29.998515
29.998287
29.998055
29.997913
29.997912
29.998088
29.998431
29.99891
29.999463
30.000043
30.000595
30.001096
30.001547
30.001968
30.002392
30.002862
30.003408
30.004018
30.00468
30.005332
30.005909
30.006363
30.006644
30.006734
30.006643
30.006434
30.006175
30.005936
30.00579
30.005786
30.005926
30.00619
30.006541
30.006916
30.007265
30.007551
30.007767
30.007923
30.008066
30.008232
30.008463
30.008775
30.00914
30.009538
30.009899
30.010153
30.010251
30.010157
30.009868
30.009437
30.008925
30.008416
30.007991
30.007693
30.007567
30.007592
30.007732
30.007937
30.008152
30.008335
30.008454
30.008505
30.00852
30.008543
30.008625
30.008783
30.009015
30.009279
30.009527
30.009686
30.009705
30.009546
30.009203
30.008693
30.008085
30.007452
30.006867
30.006401
30.006089
30.005936
30.005906
30.005954
30.006023
30.006055
30.006023
30.005925
30.005796
30.005666
30.005572
30.00556
30.005628
30.005774
30.00594
30.006064
30.006083
30.005935
30.005611
30.005107
30.004478
30.003786
30.003115
30.002544
30.002115
30.001856
30.00175
30.001761
30.001826
30.001895
30.001931
30.001923
30.001881
30.001834
30.001817
30.001878
30.00203
30.002267
30.002544
30.002811
30.002994
30.003038
30.002907
30.002591
30.002127
30.001576
30.001026
30.000559
30.000235
30.00008
30.000092
30.000247
30.000491
30.00076
30.001008
30.001198
30.001342
30.001446
30.001571
30.001744
30.002002
30.002355
30.002789
30.00324
30.003658
30.003971
30.004128
30.004111
30.003943
30.003665
30.003346
30.003072
30.00291
30.002905
30.003074
30.003387
30.003804
30.004271
30.004732
30.005159
30.005535
30.005862
30.006181
30.006539
30.006955
30.007457
30.008031
30.00863
30.009198
30.009661
30.009963
30.010083
30.010028
30.009823
30.009545
30.009252
30.009026
30.008925
30.008991
30.009219
30.009564
30.009971
30.010383
30.010753
30.011066
30.011329
30.011564
30.01181
30.012093
30.012451
30.012875
30.01334
30.01379
30.014148
30.014377
30.014431
30.0143
30.013995
30.013565
30.013086
30.012632
30.012261
30.012032
30.011949
30.011998
30.012127
30.012279
30.012393
30.01244
30.012417
30.012342
30.012265
30.012222
30.012242
30.012344
30.012507
30.012676
30.012793
30.012799
30.012649
30.012314
30.011811
30.011175
30.010469
30.009778
30.009168
30.008703
30.008393
30.008225
30.008168
30.008163
30.00816
30.008125
30.008031
30.007876
30.007697
30.007539
30.007434
30.007408
30.007442
30.007522
30.00758
30.007569
30.007435
30.007141
30.006678
30.006063
30.005365
30.004653
30.003999
30.003476
30.003115
30.00292
30.002856
30.002875
30.002921
30.002951
30.002934
30.002863
30.002771
30.002683
30.002652
30.0027
30.002825
30.003006
30.003206
30.003348
30.003388
30.003281
30.003011
30.002589
30.00206
30.001499
30.000977
30.000567
30.000304
30.000212
30.000286
30.000466
30.000706
30.00095
30.001157
30.001331
30.001477
30.001632
30.001827
30.002083
30.002414
30.002812
30.003253
30.003681
30.004019
30.004229
30.004267
30.004138
30.003867
30.003531
30.003206
30.002948
30.002818
30.00284
30.003013
30.003296
30.003638
30.003982
30.004304
30.004565
30.004774
30.00494
30.005122
30.005347
30.005635
30.006
30.006397
30.006774
30.007076
30.007242
30.007215
30.006989
30.006581
30.006046
30.00546
30.004902
30.004431
30.004105
30.003916
30.003851
30.003865
30.003903
30.003905
30.003845
30.003722
30.003553
30.003372
30.003219
30.003128
30.003103
30.003145
30.003203
30.003219
30.003131
30.002898
30.002488
30.001918
30.00124
30.000531
29.999848
29.999271
29.99884
29.998582
29.998479
29.998495
29.998566
29.998642
29.998685
29.998684
29.99865
29.99861
29.9986
29.998667
29.998825
29.999068
29.99935
29.999622
29.999826
29.999905
29.999816
29.999567
29.999185
29.998727
29.998258
29.997861
29.997598
29.997495
29.997551
29.997743
29.998018
29.998331
29.99863
29.998878
29.999081
29.999264
29.999444
29.999671
29.999963
30.000335
30.000757
30.001192
30.001573
30.001852
30.001978
30.001948
30.001785
30.001524
30.001247
30.001017
30.000898
30.000936
30.001146
30.001498
30.001951
30.002452
30.002943
30.003399
30.0038
30.004167
30.004537
30.004935
30.005416
30.005985
30.006625
30.007287
30.007916
30.008453
30.008838
30.009047
30.009081
30.008984
30.008805
30.00864
30.008559
30.008613
30.00884
30.009228
30.009729
30.010287
30.010858
30.011391
30.011866
30.012287
30.012674
30.01308
30.013544
30.014095
30.014717
30.015378
30.016038
30.016611
30.017052
30.017314
30.017399
30.01733
30.017145
30.016931
30.016768
30.016719
30.016828
30.017088
30.017476
30.017934
30.0184
30.018826
30.019178
30.019447
30.019666
30.019877
30.020112
30.020396
30.020727
30.021088
30.021445
30.021738
30.021906
30.021888
30.021659
30.021239
30.020666
30.020009
30.019354
30.018768
30.018301
30.017969
30.017765
30.017645
30.017556
30.017457
30.0173
30.017067
30.016783
30.016482
30.016212
30.016006
30.01587
30.015791
30.015739
30.015656
30.015481
30.015152
30.014643
30.013957
30.013133
30.012224
30.011323
30.010502
30.009811
30.009288
30.00892
30.00868
30.008523
30.008381
30.008217
30.008006
30.007745
30.007454
30.00718
30.006961
30.006823
30.006769
30.006778
30.0068
30.006779
30.006654
30.006367
30.00591
30.005298
30.004584
30.003824
30.003101
30.002491
30.002034
30.001738
30.001588
30.001553
30.001569
30.001572
30.00153
30.001436
30.001306
30.001168
30.001063
30.00102
30.001061
30.001164
30.001294
30.001407
30.001434
30.001307
30.001013
30.000547
29.999943
29.999283
29.998648
29.998099
29.997698
29.99747
29.997414
29.99749
29.997629
29.997778
29.997894
29.99795
29.997957
29.997946
29.997955
29.998016
29.998167
29.9984
29.998691
29.998983
29.999218
29.999333
29.999285
29.99906
29.99869
29.998218
29.997732
29.997298
29.996984
29.996839
29.996878
29.997072
29.997363
29.997703
29.998037
29.998324
29.998552
29.998747
29.998948
29.999185
29.999495
29.999891
30.000359
30.000855
30.001307
30.001664
30.00187
30.001887
30.001725
30.001431
30.001078
30.000741
30.000495
30.000393
30.000456
30.000659
30.000965
30.001323
30.001662
30.001942
30.002154
30.00231
30.002437
30.002575
30.002753
30.002993
30.003292
30.003629
30.003952
30.004188
30.00428
30.004193
30.003918
30.003489
30.002971
30.002432
30.001941
30.001569
30.001348
30.001281
30.001333
30.001456
30.001595
30.001708
30.001763
30.001756
30.001701
30.001648
30.001631
30.001695
30.001855
30.002083
30.002323
30.002514
30.002592
30.002514
30.002266
30.001859
30.001341
30.000786
30.000267
29.999858
29.999611
29.999546
29.999638
29.999847
30.000104
30.000358
30.000567
30.000704
30.000782
30.000849
30.000941
30.001086
30.001303
30.001587
30.001897
30.002186
30.0024
30.002481
30.002389
30.002134
30.001742
30.001273
30.000809
30.000429
30.000192
30.000122
30.000214
30.000428
30.000712
30.001024
30.001316
30.001552
30.001738
30.001902
30.002079
30.002316
30.002645
30.003072
30.003564
30.004059
30.00451
30.004847
30.005038
30.005061
30.004938
30.004707
30.004453
30.004239
30.004148
30.004224
30.004477
30.004875
30.005376
30.005907
30.006433
30.006907
30.007331
30.007726
30.008108
30.008506
30.00896
30.009483
30.010045
30.010607
30.011121
30.011517
30.011745
30.01177
30.011604
30.011298
30.010928
30.010553
30.010252
30.010068
30.010028
30.010117
30.010301
30.010535
30.01075
30.01091
30.01099
30.011007
30.010993
30.010993
30.011036
30.011148
30.011327
30.011535
30.011724
30.011844
30.011837
30.011646
30.011267
30.010737
30.010121
30.009489
30.008912
30.00846
30.008166
30.008014
30.007993
30.008053
30.008138
30.008205
30.008221
30.008182
30.008118
30.008055
30.008029
30.008067
30.008188
30.008369
30.008557
30.008692
30.008714
30.00858
30.00826
30.007788
30.007212
30.006605
30.006023
30.005543
30.005222
30.005064
30.00505
30.005146
30.005288
30.005426
30.005523
30.005552
30.005529
30.005501
30.005506
30.005571
30.005715
30.005934
30.006186
30.006424
30.006574
30.006584
30.006436
30.006117
30.005677
30.005172
30.004663
30.004235
30.003929
30.003776
30.003777
30.003913
30.00413
30.004368
30.004583
30.004739
30.004848
30.004936
30.005024
30.005162
30.005371
30.005646
30.005965
30.006276
30.00652
30.006638
30.006588
30.006358
30.005979
30.005514
30.005029
30.004592
30.004272
30.004118
30.004128
30.004298
30.004568
30.004889
30.005208
30.005482
30.005717
30.005915
30.006118
30.006372
30.006695
30.007097
30.007568
30.008064
30.008532
30.008898
30.009126
30.009173
30.009048
30.008795
30.008485
30.008192
30.007989
30.007911
30.007983
30.008201
30.008526
30.00889
30.009239
30.009535
30.009766
30.009942
30.010091
30.01025
30.01045
30.010711
30.01103
30.011368
30.011678
30.011889
30.011951
30.011828
30.011513
30.011027
30.01042
30.00977
30.009174
30.008684
30.008337
30.008143
30.008069
30.008069
30.008074
30.008046
30.007959
30.007811
30.007621
30.007438
30.007283
30.007186
30.007154
30.007172
30.007209
30.007191
30.007059
30.006775
30.006328
30.005733
30.005022
30.004273
30.003564
30.002956
30.002489
30.002176
30.002003
30.001941
30.001929
30.00192
30.00186
30.001746
30.001593
30.001432
30.001304
30.001238
30.001256
30.001355
30.001496
30.001612
30.001637
30.001522
30.001232
30.000782
30.000202
29.999555
29.998923
29.998388
29.997991
29.99776
29.997696
29.997759
29.997899
29.99806
29.998198
29.998298
29.998349
29.99838
29.998429
29.998544
29.998742
29.999016
29.999342
29.999663
29.999905
30.00001
29.999957
29.999732
29.999346
29.998865
29.998357
29.997893
29.997543
29.997341
29.997307
29.997402
29.997592
29.997816
29.998024
29.998181
29.998295
29.998393
29.99851
29.998693
29.998956
29.99931
29.999742
30.000207
30.000632
30.000966
30.001153
30.001154
30.000978
30.00069
30.000358
30.000054
29.999847
29.99979
29.999899
30.000169
30.000553
30.000998
30.001444
30.001863
30.002235
30.002564
30.002886
30.003233
30.003642
30.004143
30.00472
30.005342
30.005948
30.006477
30.006864
30.007083
30.007135
30.00704
30.006854
30.006657
30.006525
30.006516
30.006654
30.006952
30.007365
30.007839
30.008313
30.008741
30.00909
30.009371
30.009612
30.009852
30.010122
30.01046
30.010862
30.011301
30.011742
30.012122
30.012376
30.012442
30.012311
30.011998
30.011553
30.011055
30.01058
30.010203
30.009979
30.009911
30.009999
30.010185
30.010424
30.010644
30.010811
30.010915
30.01097
30.011022
30.011105
30.011245
30.01146
30.011728
30.012012
30.012249
30.012392
30.012391
30.01221
30.011844
30.011328
30.010745
30.010159
30.009655
30.009294
30.009103
30.009063
30.009137
30.009279
30.009434
30.00956
30.009645
30.009677
30.009688
30.009717
30.009812
30.00999
30.010262
30.010599
30.010943
30.011214
30.011354
30.011321
30.011103
30.010717
30.010211
30.00966
30.009158
30.008758
30.008513
30.008427
30.008481
30.008641
30.00884
30.009032
30.009177
30.009284
30.009359
30.009445
30.009588
30.009826
30.010164
30.010572
30.011023
30.011444
30.011779
30.011973
30.011984
30.011821
30.01153
30.011184
30.010856
30.01062
30.010528
30.010602
30.010834
30.011181
30.011591
30.012002
30.012372
30.012665
30.012895
30.013089
30.013287
30.013536
30.013853
30.014233
30.014651
30.015054
30.015385
30.015582
30.015603
30.015438
30.015117
30.014686
30.014216
30.013797
30.013496
30.013345
30.013328
30.013431
30.013587
30.013745
30.013865
30.01392
30.013905
30.013838
30.013751
30.013685
30.013656
30.013688
30.013751
30.013798
30.013781
30.013628
30.013286
30.012756
30.012043
30.011207
30.010313
30.009449
30.00868
30.008051
30.007579
30.007254
30.007029
30.006851
30.006659
30.006426
30.006132
30.005797
30.00544
30.005108
30.004839
30.004658
30.004548
30.004477
30.004383
30.004205
30.003896
30.003425
30.002788
30.002004
30.001144
30.000281
29.999505
29.998866
29.998396
29.998101
29.997945
29.99788
29.997851
29.997814
29.997737
29.997614
29.997476
29.997365
29.997312
29.997339
29.997462
29.997655
29.997861
29.998003
29.998021
29.997876
29.997557
29.997079
29.99649
29.995865
29.99528
29.994809
29.994487
29.994338
29.994342
29.994443
29.994582
29.994709
29.994791
29.994818
29.994821
29.994823
29.994878
29.995023
29.99527
29.995588
29.995952
29.996291
29.996551
29.996674
29.996638
29.996447
29.996143
29.995795
29.995474
29.995251
29.995178
29.995274
29.995529
29.995901
29.996352
29.996818
29.99725
29.997629
29.99796
29.998263
29.998593
29.998987
29.999458
30.00001
30.000612
30.001204
30.001721
30.0021
30.002314
30.002361
30.002265
30.002078
30.001881
30.00175
30.001743
30.0019
30.002213
30.002655
30.003168
30.003705
30.004214
30.004654
30.005032
30.005373
30.005714
30.006081
30.006496
30.006972
30.007485
30.007997
30.008443
30.008777
30.008948
30.008939
30.008776
30.0085
30.008162
30.007837
30.0076
30.007506
30.007556
30.007733
30.008001
30.008316
30.008606
30.008835
30.008996
30.009102
30.009198
30.00932
30.009512
30.00977
30.01009
30.010433
30.010732
30.010938
30.011
30.01088
30.010572
30.010111
30.009561
30.00901
30.00854
30.008194
30.008004
30.007971
30.008058
30.008216
30.008389
30.008535
30.008639
30.008692
30.008722
30.00877
30.008864
30.009028
30.009258
30.009533
30.009801
30.010005
30.010085
30.010017
30.009768
30.009369
30.008866
30.00833
30.007834
30.007432
30.007163
30.007036
30.007037
30.007118
30.007204
30.007258
30.00725
30.007178
30.007078
30.006975
30.006907
30.006904
30.006984
30.007126
30.007293
30.007442
30.007502
30.007423
30.007189
30.006788
30.00627
30.005693
30.005137
30.004679
30.004358
30.004202
30.004209
30.004321
30.004494
30.004674
30.004819
30.004918
30.004979
30.005045
30.00515
30.005315
30.005559
30.005874
30.006236
30.006573
30.006831
30.006952
30.006914
30.006722
30.006399
30.006002
30.005611
30.005284
30.005086
30.005058
30.005196
30.005457
30.005805
30.006176
30.006521
30.006821
30.007063
30.007272
30.007488
30.007757
30.008095
30.008513
30.008982
30.009462
30.009887
30.010191
30.010325
30.010275
30.010051
30.0097
30.009296
30.008914
30.008627
30.008472
30.008454
30.00856
30.008738
30.008933
30.009101
30.009209
30.009252
30.009245
30.009217
30.00921
30.009254
30.009352
30.009508
30.009668
30.009776
30.009771
30.00961
30.009246
30.008684
30.007967
30.007166
30.006354
30.005605
30.004972
30.004495
30.004165
30.003935
30.003751
30.003571
30.003345
30.003054
30.002721
30.002363
30.002028
30.001755
30.00157
30.001472
30.001444
30.001433
30.001383
30.001234
30.000926
30.00045
29.999841
29.999145
29.998432
29.997794
29.997279
29.996939
29.996775
29.996766
29.996856
29.996985
29.997087
29.997131
29.997131
29.997097
29.997073
29.997111
29.997229
29.997441
29.997736
29.998072
29.998394
29.998629
29.998723
29.998654
29.998429
29.998089
29.997706
29.997352
29.997097
29.996994
29.997078
29.997321
29.997678
29.998096
29.998516
29.998892
29.999211
29.999477
29.999734
30.000013
30.000355
30.00079
30.001303
30.001865
30.002415
30.002892
30.003232
30.003391
30.003373
30.003204
30.002942
30.002668
30.002461
30.002381
30.002468
30.002716
30.00308
30.003506
30.003952
30.004369
30.004718
30.005009
30.005249
30.00548
30.005752
30.006102
30.006538
30.00703
30.007536
30.007988
30.008319
30.008481
30.008457
30.008259
30.007932
30.007551
30.007189
30.006921
30.0068
30.006847
30.007036
30.00733
30.007661
30.007961
30.008212
30.008385
30.008496
30.008592
30.008711
30.008895
30.009162
30.009502
30.009873
30.010223
30.01048
30.01059
30.010516
30.010268
30.009877
30.009404
30.008913
30.008474
30.008154
30.007983
30.007948
30.008016
30.008143
30.00826
30.00833
30.008329
30.008256
30.008147
30.00805
30.007998
30.008017
30.008107
30.008231
30.008344
30.008374
30.008271
30.007981
30.007486
30.006811
30.006014
30.005179
30.004385
30.003693
30.003147
30.002759
30.002498
30.002324
30.002183
30.002017
30.001784
30.001488
30.001149
30.000805
30.000498
30.000263
30.000103
30.000006
29.999922
29.999797
29.999575
29.999212
29.998681
29.997981
29.997168
29.996307
29.995462
29.99472
29.994124
29.993705
29.993447
29.993318
29.993253
29.993204
29.993132
29.99301
29.992852
29.992688
29.992558
29.99251
29.99256
29.992702
29.992909
29.993126
29.993275
29.993318
29.993207
29.992931
29.992517
29.992025
29.991539
29.99112
29.990833
29.990721
29.990798
29.991034
29.991367
29.99175
29.992126
29.992471
29.992785
29.993086
29.993405
29.993784
29.994253
29.994815
29.995452
29.996115
29.996747
29.997288
29.997679
29.997912
29.997984
29.997951
29.997873
29.997835
29.997897
29.998121
29.998517
29.999052
29.999697
30.000394
30.001098
30.001756
30.002364
30.00292
30.003461
30.004013
30.004614
30.005291
30.006029
30.006796
30.007533
30.008178
30.008669
30.008961
30.009061
30.008996
30.008824
30.008629
30.008489
30.008466
30.008585
30.008843
30.009202
30.009611
30.010014
30.010368
30.01066
30.01088
30.011059
30.011237
30.011447
30.011711
30.012045
30.012424
30.012795
30.013098
30.013273
30.013276
30.013096
30.012746
30.012275
30.011757
30.01127
30.010885
30.010641
30.01056
30.010624
30.010778
30.010961
30.011128
30.011225
30.01125
30.01122
30.011184
30.011179
30.011233
30.011366
30.011556
30.011767
30.011937
30.012001
30.011913
30.011642
30.011202
30.010627
30.00998
30.009345
30.008787
30.008369
30.00812
30.00804
30.008089
30.0082
30.008321
30.008411
30.008441
30.008423
30.008389
30.00836
30.008388
30.008494
30.008675
30.008908
30.009123
30.009266
30.009282
30.00913
30.008802
30.008329
30.007758
30.007178
30.006657
30.006244
30.005993
30.005906
30.005945
30.006079
30.006246
30.0064
30.006505
30.006553
30.006575
30.006593
30.006662
30.006802
30.007028
30.007315
30.007623
30.007889
30.008046
30.008046
30.007874
30.007542
30.007094
30.006587
30.006099
30.005706
30.005465
30.005397
30.00548
30.005674
30.005914
30.006148
30.006355
30.006519
30.006646
30.006778
30.006947
30.007191
30.007523
30.007915
30.008324
30.008703
30.008998
30.009153
30.009126
30.008928
30.008587
30.008163
30.007737
30.007374
30.007135
30.007031
30.007068
30.00721
30.007394
30.00757
30.007683
30.007711
30.007674
30.007589
30.007503
30.007455
30.007471
30.007536
30.007637
30.007726
30.007736
30.007613
30.007306
30.006813
30.006154
30.005384
30.004566
30.003781
30.003092
30.002543
30.002149
30.001881
30.001696
30.001543
30.001383
30.001186
30.000948
30.000683
30.00044
30.000254
30.00015
30.000129
30.00017
30.00024
30.000279
30.000221
30.000022
29.99965
29.99912
29.998481
29.997792
29.997133
29.996582
29.996195
29.995977
29.995909
29.995956
29.996072
29.996203
29.996306
29.996369
29.9964
29.996423
29.996475
29.996584
29.996767
29.997022
29.997306
29.997572
29.997765
29.99781
29.99769
29.997395
29.996955
29.996415
29.995848
29.995342
29.994946
29.994697
29.994598
29.994616
29.994705
29.99481
29.99489
29.994931
29.994925
29.9949
29.994897
29.994963
29.995134
29.995397
29.995724
29.996075
29.996384
29.996583
29.996624
29.996492
29.996196
29.995801
29.995373
29.994984
29.994703
29.994581
29.994634
29.994837
29.995149
29.995518
29.995906
29.996264
29.996591
29.996905
29.99722
29.997582
29.99804
29.998598
29.999253
29.999968
30.000676
30.001312
30.001825
30.002199
30.002424
30.002548
30.002628
30.002726
30.002924
30.003262
30.003771
30.00445
30.00526
30.006153
30.007069
30.007966
30.008811
30.009598
30.010357
30.011133
30.011955
30.012849
30.01381
30.014803
30.015779
30.016668
30.0174
30.017946
30.018284
30.01844
30.018454
30.018397
30.018355
30.018398
30.018574
30.018882
30.019301
30.019778
30.020251
30.020678
30.021023
30.021264
30.021422
30.021529
30.021631
30.021762
30.02193
30.022123
30.022294
30.022392
30.022345
30.022119
30.021692
30.021068
30.020292
30.019436
30.018572
30.017776
30.017101
30.016585
30.01622
30.015959
30.015748
30.015544
30.015297
30.014988
30.014639
30.014285
30.01397
30.013727
30.013579
30.013525
30.013524
30.013529
30.013468
30.013271
30.012903
30.012363
30.011686
30.01092
30.010139
30.009417
30.008826
30.0084
30.008127
30.007993
30.007949
30.007923
30.007876
30.007778
30.007626
30.007454
30.007289
30.007185
30.007165
30.007227
30.00735
30.00748
30.007561
30.007532
30.00735
30.006986
30.006457
30.005796
30.005086
30.004407
30.003819
30.003367
30.00308
30.002925
30.002873
30.002848
30.002808
30.002723
30.002571
30.002371
30.002157
30.001972
30.001865
30.001857
30.00194
30.002073
30.002188
30.002235
30.00214
30.00187
30.001438
30.000875
30.000243
29.999625
29.999103
29.998717
29.998513
29.998488
29.998598
29.998791
29.999007
29.999201
29.999356
29.999478
29.99959
29.999727
29.999933
30.000239
30.000649
30.001129
30.001617
30.002046
30.002352
30.002486
30.002435
30.002226
30.001903
30.001535
30.001213
30.001002
30.00095
30.001056
30.001297
30.001634
30.002002
30.00235
30.002657
30.002908
30.003113
30.003312
30.003537
30.003831
30.004205
30.004648
30.005118
30.005544
30.005874
30.006036
30.006015
30.005803
30.00545
30.005016
30.004583
30.004213
30.00397
30.003881
30.003928
30.004078
30.004285
30.004494
30.004666
30.004771
30.004823
30.004867
30.004942
30.005072
30.005294
30.005598
30.005941
30.00627
30.006528
30.006657
30.006614
30.006389
30.005996
30.005502
30.004977
30.004512
30.004154
30.003956
30.003902
30.003976
30.004126
30.004297
30.004445
30.004536
30.004582
30.004593
30.004612
30.004673
30.004816
30.005036
30.005327
30.005648
30.005932
30.006111
30.006136
30.005973
30.005636
30.005175
30.004666
30.004183
30.003802
30.003577
30.003511
30.003601
30.003809
30.004065
30.004317
30.004525
30.004678
30.004786
30.004874
30.004998
30.005183
30.005444
30.005774
30.006151
30.006518
30.0068
30.006957
30.006948
30.006776
30.006467
30.006079
30.005693
30.005386
30.005218
30.005228
30.005408
30.005732
30.006156
30.00663
30.007096
30.007527
30.007923
30.008301
30.008692
30.009137
30.009648
30.010233
30.010861
30.011491
30.012054
30.012502
30.012782
30.012875
30.012808
30.012621
30.012381
30.01216
30.012029
30.012038
30.01219
30.012464
30.012824
30.013206
30.013579
30.013901
30.01416
30.014366
30.014562
30.014781
30.015065
30.015428
30.015842
30.016269
30.016643
30.016915
30.017016
30.016915
30.016628
30.016189
30.015661
30.015114
30.014634
30.014269
30.014051
30.013968
30.013972
30.014023
30.014056
30.01404
30.013951
30.01381
30.013632
30.013465
30.013346
30.013282
30.01328
30.013325
30.01337
30.013342
30.01319
30.012859
30.012347
30.011674
30.010894
30.010086
30.009326
30.008674
30.00817
30.007807
30.007559
30.007387
30.00724
30.007063
30.006833
30.006549
30.00623
30.005911
30.005633
30.005427
30.005299
30.005233
30.005179
30.005084
30.004888
30.004534
30.004013
30.003343
30.002558
30.001719
30.000913
30.0002
29.999629
29.999229
29.998986
29.998849
29.99878
29.998726
29.998634
29.998497
29.998329
29.998158
29.998025
29.997958
29.99796
29.998033
29.99814
29.998235
29.998248
29.99813
29.99786
29.99743
29.996869
29.996241
29.995627
29.99509
29.994695
29.994469
29.994411
29.994482
29.994648
29.994849
29.995053
29.99522
29.995355
29.995481
29.99565
29.995883
29.996211
29.996641
29.997137
29.997655
29.998125
29.998478
29.998682
29.998716
29.998602
29.998378
29.998129
29.997937
29.997863
29.99795
29.998193
29.998583
29.999059
29.999572
30.000084
30.000566
30.000996
30.001397
30.0018
30.002249
30.002776
30.003386
30.004062
30.004756
30.005412
30.005973
30.006379
30.006605
30.006655
30.006569
30.006419
30.006275
30.00621
30.00626
30.006447
30.006769
30.007188
30.007652
30.008105
30.008504
30.008819
30.009063
30.009282
30.009513
30.009801
30.010161
30.010585
30.011048
30.011477
30.011818
30.012015
30.012028
30.011848
30.011508
30.011055
30.010561
30.010117
30.009792
30.009616
30.009594
30.009688
30.00985
30.010025
30.010171
30.010257
30.010277
30.010265
30.010263
30.010305
30.010415
30.010608
30.01086
30.011116
30.011299
30.01137
30.011284
30.011028
30.010614
30.010089
30.009509
30.008953
30.008499
30.008184
30.008017
30.007983
30.008052
30.008161
30.008246
30.008275
30.008244
30.00815
30.008028
30.007923
30.007886
30.007919
30.008021
30.008139
30.008214
30.008183
30.008003
30.007643
30.007102
30.006401
30.005611
30.004807
30.004081
30.003483
30.00303
30.002732
30.002559
30.002449
30.002354
30.002237
30.002089
30.001903
30.001709
30.00155
30.001473
30.001495
30.001609
30.001791
30.001985
30.002131
30.002166
30.002047
30.001761
30.001319
30.000786
30.000232
29.999726
29.999339
29.999121
29.999071
29.999167
29.999372
29.999619
29.999858
30.000068
30.000233
30.000379
30.000541
30.000748
30.001037
30.001416
30.001874
30.00238
30.00286
30.003256
30.003508
30.003594
30.003499
30.003269
30.002977
30.002697
30.002503
30.002448
30.002536
30.002765
30.003096
30.003462
30.003811
30.004104
30.00433
30.004501
30.004644
30.004797
30.005008
30.005293
30.005645
30.006022
30.006376
30.006633
30.006741
30.006663
30.006392
30.005947
30.005397
30.004815
30.004274
30.003847
30.003568
30.003444
30.003439
30.003489
30.003546
30.00357
30.003535
30.003419
30.003263
30.003098
30.002946
30.002844
30.002816
30.002846
30.002883
30.002873
30.002756
30.002473
30.002017
30.001389
30.000642
29.999842
29.99907
29.998407
29.997913
29.997593
29.997447
29.997418
29.997444
29.997476
29.997476
29.997434
29.997362
29.997286
29.997261
29.997329
29.997483
29.997716
29.997987
29.998245
29.998417
29.998449
29.998305
29.997995
29.997549
29.997026
29.996493
29.996034
29.995712
29.995553
29.995557
29.995702
29.995933
29.996189
29.996423
29.996618
29.99676
29.996878
29.997009
29.997201
29.997486
29.997872
29.998326
29.998803
29.999234
29.99955
29.999702
29.999674
29.999491
29.999196
29.998857
29.998563
29.99838
29.998355
29.998487
29.998768
29.999141
29.999555
29.999957
30.000306
30.00059
30.000834
30.001079
30.001372
30.001747
30.002211
30.002768
30.003365
30.003944
30.004444
30.004802
30.004992
30.005015
30.004911
30.00473
30.004566
30.004489
30.004567
30.004813
30.005217
30.00575
30.00635
30.006953
30.007509
30.008
30.008431
30.008841
30.009262
30.009735
30.010271
30.010879
30.011528
30.012158
30.012724
30.01316
30.013416
30.013495
30.01342
30.013231
30.013012
30.012845
30.012792
30.01288
30.013124
30.013501
30.01395
30.014411
30.014834
30.015183
30.015453
30.015655
30.015837
30.016052
30.016323
30.016665
30.017054
30.017434
30.017746
30.01793
30.017924
30.017704
30.017292
30.016725
30.016071
30.015419
30.014835
30.014386
30.014086
30.013921
30.013864
30.013853
30.013826
30.013752
30.013609
30.013415
30.013189
30.012978
30.012818
30.012736
30.012715
30.012722
30.012698
30.012581
30.012326
30.011901
30.011286
30.010523
30.009666
30.008791
30.007974
30.007291
30.006759
30.006372
30.006102
30.005893
30.005699
30.005468
30.005178
30.004834
30.004455
30.004094
30.00379
30.003571
30.003439
30.003375
30.00333
30.003247
30.003049
30.002698
30.002186
30.001511
30.000726
29.999912
29.999147
29.998487
29.997976
29.997641
29.997466
29.997397
29.997375
29.997354
29.9973
29.997203
29.997077
29.996948
29.996856
29.996847
29.996918
29.997065
29.997251
29.997407
29.997486
29.997433
29.99723
29.996881
29.99643
29.995929
29.995454
29.99508
29.994861
29.994817
29.994942
29.995192
29.995515
29.995867
29.996199
29.996472
29.996695
29.996893
29.997103
29.997369
29.997708
29.998129
29.998603
29.999072
29.999474
29.999745
29.999858
29.999797
29.999604
29.999334
29.999046
29.998822
29.998721
29.998769
29.998964
29.999283
29.999672
30.000087
30.000496
30.000855
30.00117
30.001442
30.001712
30.00201
30.002375
30.002818
30.003309
30.00381
30.004253
30.004572
30.00472
30.004682
30.004469
30.004128
30.003732
30.003357
30.003076
30.002925
30.002929
30.003086
30.003355
30.003668
30.003973
30.004228
30.004424
30.004569
30.004708
30.004875
30.005112
30.005432
30.005825
30.006248
30.006648
30.006969
30.007153
30.007177
30.007042
30.006774
30.00641
30.006034
30.00571
30.005504
30.005444
30.005531
30.005728
30.005986
30.00625
30.006477
30.006636
30.006722
30.006768
30.006819
30.006907
30.007056
30.007266
30.007518
30.00776
30.007937
30.00799
30.007878
30.00759
30.00714
30.006577
30.005977
30.005414
30.004962
30.004658
30.004507
30.004493
30.004585
30.004718
30.004845
30.004929
30.004961
30.004953
30.00495
30.004986
30.005086
30.005267
30.005506
30.005784
30.006032
30.006199
30.00623
30.006105
30.005812
30.005398
30.004936
30.004502
30.00415
30.00394
30.003911
30.004039
30.004283
30.004591
30.004906
30.005202
30.005459
30.005681
30.005906
30.006164
30.006494
30.006907
30.007408
30.007965
30.008517
30.009
30.009349
30.009519
30.009514
30.009359
30.009111
30.008833
30.00861
30.008503
30.008575
30.008815
30.009196
30.009675
30.010182
30.010665
30.0111
30.011489
30.011853
30.012225
30.012629
30.013084
30.013603
30.014177
30.014743
30.015239
30.015601
30.015781
30.01575
30.015525
30.015156
30.014706
30.014255
30.013868
30.013608
30.013485
30.013486
30.013564
30.01368
30.013771
30.013787
30.013729
30.013598
30.013432
30.013279
30.013192
30.013191
30.013257
30.013354
30.013419
30.013388
30.013198
30.01282
30.012256
30.011546
30.010758
30.009964
30.009235
30.008644
30.008222
30.007955
30.007812
30.007749
30.007712
30.007661
30.007565
30.007419
30.007257
30.007104
30.006995
30.006976
30.007042
30.007155
30.007265
30.007317
30.007254
30.007018
30.006602
30.006024
30.005337
30.004617
30.00394
30.003383
30.002981
30.00274
30.002645
30.002646
30.002683
30.002694
30.00265
30.002548
30.002405
30.002267
30.002173
30.002167
30.002245
30.002403
30.0026
30.002769
30.002861
30.002805
30.002584
30.002209
30.001707
30.001156
30.000632
30.00021
29.999947
29.999879
29.999997
30.000252
30.000589
30.000944
30.001271
30.001551
30.001806
30.002056
30.002348
30.002718
30.003175
30.003722
30.004326
30.004924
30.005451
30.005843
30.006053
30.006085
30.005964
30.005747
30.005498
30.0053
30.005233
30.005319
30.005574
30.005967
30.006439
30.006943
30.007424
30.007843
30.008204
30.008532
30.008863
30.00924
30.009698
30.010241
30.010855
30.011492
30.012078
30.01256
30.012882
30.013006
30.012941
30.012734
30.01246
30.012194
30.01201
30.011962
30.012072
30.012317
30.012658
30.013047
30.013429
30.013762
30.014032
30.014248
30.014437
30.014637
30.014892
30.015218
30.01561
30.016025
30.016412
30.0167
30.016836
30.016783
30.016535
30.016109
30.015577
30.015027
30.01453
30.014136
30.013883
30.013776
30.013784
30.013842
30.013902
30.01391
30.013843
30.013702
30.013527
30.013347
30.013203
30.013124
30.013114
30.013156
30.013202
30.013179
30.013035
30.012713
30.012194
30.011501
30.010692
30.009849
30.009033
30.008327
30.007772
30.00738
30.007119
30.006947
30.00681
30.006668
30.006472
30.006223
30.005938
30.00565
30.005402
30.005225
30.005122
30.005079
30.005064
30.005019
30.00488
30.004586
30.00411
30.003454
30.00266
30.001794
30.000948
30.000187
29.999561
29.999104
29.998821
29.998675
29.99862
29.998581
29.998521
29.99841
29.998264
29.998094
29.997945
29.99785
29.997852
29.997944
29.998102
29.998272
29.998377
29.99836
29.99818
29.997828
29.997336
29.996748
29.996137
29.995573
29.995129
29.994856
29.994754
29.994801
29.994943
29.995136
29.995327
29.995497
29.995628
29.995744
29.995882
29.996086
29.996389
29.996794
29.997287
29.997798
29.998278
29.998653
29.998887
29.998956
29.998864
29.998651
29.998369
29.998094
29.9979
29.997861
29.997992
29.998285
29.998693
29.999163
29.999651
30.000107
30.000511
30.000867
30.001213
30.001579
30.002005
30.00252
30.003109
30.00374
30.004354
30.004888
30.005298
30.005551
30.005628
30.00555
30.005376
30.005184
30.005055
30.005045
30.00518
30.005456
30.00585
30.006326
30.006817
30.007275
30.007661
30.007984
30.00827
30.008557
30.008874
30.00924
30.009672
30.010144
30.0106
30.010981
30.011245
30.011325
30.011212
30.01092
30.010498
30.010022
30.009569
30.009196
30.008946
30.008846
30.00888
30.008997
30.00914
30.009263
30.009334
30.009329
30.009265
30.009177
30.009107
30.009088
30.009142
30.009252
30.009383
30.009475
30.009464
30.009288
30.008921
30.008363
30.007674
30.006901
30.006133
30.00544
30.004889
30.004511
30.00429
30.004211
30.004205
30.004221
30.004217
30.004181
30.004103
30.004013
30.003952
30.003965
30.004071
30.004262
30.004513
30.004769
30.004971
30.005056
30.00498
30.004731
30.00434
30.003849
30.003328
30.002849
30.002483
30.002264
30.002213
30.002309
30.002497
30.002732
30.002963
30.003168
30.003331
30.003458
30.003591
30.00376
30.004006
30.00434
30.004733
30.005144
30.005526
30.005805
30.00593
30.005883
30.005672
30.00534
30.004942
30.004573
30.004288
30.004142
30.00414
30.004266
30.004485
30.004753
30.005016
30.005235
30.005397
30.005514
30.00561
30.005742
30.005933
30.0062
30.006536
30.006899
30.00724
30.007503
30.007631
30.007584
30.007351
30.006966
30.006492
30.005996
30.005564
30.005244
30.005068
30.005041
30.005127
30.005279
30.005443
30.00556
30.00562
30.005619
30.005588
30.005554
30.005571
30.00566
30.005821
30.006015
30.006194
30.006305
30.006292
30.006115
30.005764
30.005271
30.004683
30.00407
30.003505
30.003059
30.002766
30.002631
30.002636
30.002747
30.002902
30.003032
30.003106
30.003119
30.003084
30.00305
30.003052
30.003116
30.003262
30.003465
30.003691
30.003876
30.003955
30.003865
30.003595
30.003141
30.00256
30.001911
30.001262
30.000678
30.000229
29.999926
29.999759
29.999698
29.999701
29.999718
29.99971
29.999648
29.999546
29.999416
29.999303
29.999241
29.999254
29.999323
29.999433
29.999538
29.999564
29.999444
29.999161
29.99871
29.998105
29.997415
29.996711
29.996064
29.995546
29.99519
29.995
29.99494
29.994962
29.995011
29.995044
29.995046
29.995007
29.994956
29.994932
29.994982
29.995121
29.995361
29.995689
29.996059
29.9964
29.996659
29.996779
29.996738
29.996559
29.996279
29.995963
29.995681
29.995501
29.995472
29.995612
29.995911
29.996325
29.996781
29.997242
29.99766
29.998037
29.998375
29.99871
29.999088
29.999544
30.000101
30.00074
30.001427
30.002099
30.002694
30.003145
30.003425
30.003533
30.003491
30.003372
30.00325
30.003198
30.003271
30.003491
30.003868
30.004358
30.004921
30.005493
30.006023
30.006474
30.006838
30.007146
30.007439
30.007767
30.00815
30.0086
30.009093
30.00957
30.009973
30.01024
30.010311
30.010177
30.009857
30.00942
30.00894
30.00849
30.008144
30.007936
30.007874
30.00794
30.008103
30.008301
30.008467
30.00857
30.008606
30.008608
30.008601
30.008624
30.00872
30.008889
30.009125
30.00939
30.009619
30.009744
30.0097
30.009476
30.009068
30.008512
30.007873
30.007238
30.006692
30.006277
30.006025
30.005935
30.005972
30.006068
30.006172
30.006244
30.006255
30.00622
30.006169
30.006141
30.006167
30.006285
30.006489
30.006754
30.007005
30.007188
30.007245
30.007135
30.006847
30.006414
30.00588
30.005317
30.004797
30.004392
30.004135
30.004032
30.004066
30.004167
30.004282
30.004369
30.004399
30.004366
30.004287
30.00421
30.004171
30.004197
30.004307
30.004478
30.004657
30.004785
30.0048
30.00466
30.004352
30.003871
30.00327
30.002626
30.002016
30.001517
30.001165
30.000986
30.000959
30.001031
30.001158
30.001289
30.001368
30.001387
30.001361
30.001319
30.0013
30.001353
30.001494
30.001716
30.001995
30.002275
30.002497
30.0026
30.00254
30.002305
30.001925
30.001461
30.000997
30.000613
30.000386
30.000336
30.000458
30.000723
30.001074
30.001447
30.001794
30.002095
30.002337
30.002547
30.00278
30.003061
30.003425
30.003878
30.00439
30.004917
30.00539
30.00576
30.005973
30.006009
30.005893
30.005663
30.005406
30.005187
30.005071
30.005125
30.005358
30.00574
30.006226
30.006745
30.007243
30.007696
30.008086
30.008421
30.008741
30.009079
30.009475
30.009941
30.010468
30.011012
30.011503
30.011874
30.012074
30.01207
30.011877
30.011526
30.011099
30.010659
30.010272
30.010004
30.009867
30.009868
30.009956
30.01009
30.010204
30.010264
30.010247
30.010155
30.010025
30.009904
30.009829
30.009842
30.009939
30.010081
30.010219
30.010279
30.010209
30.009954
30.009511
30.008902
30.008178
30.007421
30.006706
30.006111
30.005672
30.005397
30.005252
30.005191
30.005177
30.005148
30.005071
30.004943
30.004779
30.004627
30.004521
30.004507
30.004579
30.004716
30.00488
30.00501
30.005057
30.00497
30.004714
30.004299
30.003773
30.003193
30.002637
30.002182
30.001866
30.001717
30.001714
30.001822
30.001976
30.002128
30.00222
30.002249
30.002229
30.002189
30.00217
30.002221
30.002359
30.002577
30.002851
30.003144
30.003392
30.00353
30.00351
30.003337
30.003034
30.002656
30.002284
30.001993
30.001842
30.00187
30.002068
30.002409
30.00285
30.003341
30.003821
30.004267
30.004658
30.005035
30.005427
30.005876
30.006392
30.006983
30.007617
30.008253
30.008823
30.00926
30.009534
30.009624
30.009557
30.009371
30.009135
30.008919
30.008793
30.008808
30.008966
30.009263
30.009659
30.010086
30.010493
30.010839
30.011114
30.011329
30.011529
30.011748
30.012013
30.012341
30.012727
30.013131
30.013504
30.013776
30.013894
30.013823
30.013557
30.013149
30.01266
30.012156
30.011722
30.011404
30.011233
30.011195
30.01126
30.011382
30.011511
30.011606
30.011656
30.011671
30.011677
30.011693
30.011769
30.011924
30.012153
30.012416
30.012664
30.012823
30.012842
30.012684
30.012342
30.011834
30.01121
30.01053
30.009894
30.009357
30.008961
30.008715
30.008606
30.008568
30.00855
30.008512
30.008425
30.008267
30.008058
30.007852
30.007687
30.007592
30.007587
30.007633
30.0077
30.007727
30.007654
30.007436
30.007042
30.006489
30.00581
30.005068
30.004348
30.003712
30.003209
30.002869
30.002678
30.002605
30.002604
30.002624
30.002607
30.002543
30.002445
30.002343
30.002273
30.002266
30.00234
30.002493
30.002685
30.002866
30.002965
30.002929
30.002721
30.002334
30.001804
30.001193
30.000588
30.000071
29.999686
29.999461
29.999398
29.99946
29.999597
29.999771
29.999932
30.000065
30.000171
30.000273
30.000405
30.000592
30.000869
30.001226
30.001653
30.002088
30.002485
30.002774
30.002904
30.002857
30.00266
30.002372
30.002055
30.001795
30.001653
30.001675
30.001855
30.002188
30.00261
30.003073
30.003522
30.003932
30.004304
30.004657
30.005021
30.005423
30.005895
30.006447
30.007064
30.007681
30.008249
30.008698
30.008993
30.009094
30.009012
30.008791
30.008489
30.008184
30.007937
30.007809
30.007828
30.007992
30.008263
30.008574
30.008872
30.00912
30.009306
30.009441
30.009553
30.009678
30.009865
30.010129
30.01048
30.010873
30.011271
30.011593
30.011798
30.01184
30.011703
30.011417
30.011041
30.010659
30.010334
30.010128
30.010072
30.010164
30.010385
30.010698
30.01104
30.01136
30.011639
30.011862
30.012057
30.012261
30.012502
30.012819
30.013204
30.013631
30.014064
30.014439
30.014691
30.014756
30.014608
30.014266
30.013767
30.013195
30.012634
30.012164
30.011826
30.011631
30.011566
30.011584
30.011628
30.011657
30.011621
30.011518
30.01135
30.011154
30.010975
30.010849
30.010784
30.010766
30.010767
30.010747
30.010641
30.010401
30.009978
30.009373
30.008625
30.007786
30.006948
30.006184
30.005546
30.005069
30.00476
30.004587
30.004484
30.004402
30.004302
30.004156
30.003978
30.003798
30.003655
30.003596
30.003637
30.003771
30.003972
30.004185
30.004349
30.004402
30.004299
30.004027
30.003598
30.00306
30.002486
30.001951
30.001527
30.001267
30.001191
30.001272
30.001454
30.001691
30.001928
30.002126
30.002272
30.002392
30.002508
30.002671
30.002919
30.003278
30.003732
30.004229
30.004714
30.005107
30.005351
30.005426
30.005334
30.0051
30.0048
30.004508
30.0043
30.00423
30.004337
30.004593
30.004974
30.005424
30.005881
30.006298
30.00664
30.006917
30.007157
30.007398
30.007671
30.008013
30.008419
30.008846
30.009245
30.00956
30.009717
30.00968
30.009426
30.008979
30.008396
30.007738
30.007111
30.006573
30.006167
30.005905
30.005759
30.005686
30.005636
30.00555
30.005404
30.005198
30.004952
30.004698
30.004479
30.004327
30.004246
30.004221
30.004204
30.00414
30.003972
30.003658
30.003171
30.00251
30.001732
30.0009
30.000099
29.999409
29.99889
29.998563
29.998426
29.998435
29.99852
29.998625
29.998708
29.998737
29.998725
29.998716
29.998746
29.998857
29.999063
29.999353
29.999683
30.000001
30.00025
30.000353
30.000272
30.000002
29.999576
29.999059
29.99852
29.998046
29.997703
29.99752
29.997497
29.997595
29.997784
29.998002
29.998185
29.998318
29.998395
29.998443
29.998505
29.998628
29.99883
29.999122
29.999477
29.999854
30.000167
30.000357
30.000377
30.000198
29.999855
29.999394
29.998891
29.998418
29.99805
29.99784
29.997789
29.997878
29.998071
29.998303
29.998525
29.998698
29.998814
29.9989
29.998981
29.999107
29.999301
29.999595
29.999975
30.000395
30.0008
30.001132
30.001332
30.001373
30.001258
30.00101
30.000685
30.000377
30.000161
30.000107
30.00023
30.000519
30.000946
30.00145
30.001966
30.002462
30.002914
30.003322
30.003707
30.004117
30.00459
30.005136
30.005761
30.00643
30.007101
30.007706
30.008194
30.008513
30.00866
30.008658
30.008541
30.008393
30.008278
30.008278
30.008418
30.008714
30.009139
30.009653
30.010187
30.01069
30.011122
30.011474
30.011774
30.012064
30.012375
30.01273
30.013146
30.013598
30.014051
30.014441
30.014704
30.014795
30.014683
30.014367
30.013903
30.013355
30.012808
30.012327
30.01196
30.011722
30.011605
30.011582
30.011596
30.011603
30.011551
30.011438
30.011264
30.011064
30.010886
30.010762
30.0107
30.010704
30.010741
30.010748
30.010663
30.010439
30.010027
30.009429
30.008685
30.007847
30.006992
30.006196
30.005533
30.005038
30.004717
30.004534
30.004443
30.004389
30.00431
30.004198
30.004044
30.003881
30.003731
30.00363
30.003604
30.00367
30.003804
30.003952
30.004072
30.004098
30.003981
30.003706
30.003264
30.002706
30.002108
30.001527
30.001042
30.000695
30.000512
30.000475
30.000532
30.000642
30.000754
30.000829
30.000859
30.000852
30.000836
30.000865
30.000964
30.001149
30.001411
30.00171
30.001977
30.00216
30.002206
30.002094
30.001812
30.00139
30.000888
30.00039
29.999976
29.999688
29.999556
29.999578
29.999718
29.999943
30.000194
30.000422
30.000594
30.000719
30.000805
30.000896
30.001022
30.001209
30.001472
30.00177
30.00207
30.002311
30.002433
30.002391
30.002173
30.001809
30.001342
30.00086
30.000431
30.000121
29.999962
29.999955
30.000082
30.00029
30.000537
30.000772
30.000959
30.001105
30.001216
30.001334
30.001507
30.001753
30.002085
30.002473
30.002879
30.003253
30.003525
30.003643
30.003588
30.003369
30.003013
30.002595
30.002194
30.001883
30.001702
30.001675
30.001801
30.00204
30.002342
30.00265
30.00292
30.003138
30.003311
30.003482
30.003683
30.003937
30.004261
30.00463
30.005026
30.00538
30.005643
30.005741
30.00566
30.005393
30.004955
30.004415
30.003844
30.003316
30.002885
30.002607
30.002469
30.002441
30.002478
30.00253
30.002538
30.002477
30.002349
30.00219
30.002028
30.001921
30.001892
30.00196
30.002098
30.002252
30.002361
30.002364
30.002216
30.001904
30.001439
30.000869
30.000267
29.999706
29.999261
29.998982
29.998872
29.998909
29.999058
29.999252
29.999441
29.999604
29.999728
29.999817
29.999914
30.000051
30.000266
30.000572
30.00094
30.001347
30.001721
30.002009
30.002155
30.00212
30.001914
30.001581
30.001179
30.000802
30.000525
30.000398
30.000442
30.000631
30.000927
30.001297
30.001679
30.002027
30.002324
30.002576
30.002805
30.003047
30.003347
30.003736
30.004202
30.004715
30.005219
30.005668
30.005996
30.006153
30.006144
30.00599
30.00573
30.005448
30.005227
30.005126
30.00519
30.005429
30.005797
30.006253
30.006732
30.007181
30.007581
30.007917
30.008214
30.00851
30.008852
30.009274
30.009782
30.010344
30.010917
30.011433
30.011841
30.012088
30.012138
30.012
30.011724
30.011385
30.011058
30.010818
30.010702
30.010736
30.010899
30.011157
30.011465
30.011749
30.011975
30.012133
30.012237
30.012315
30.012425
30.012591
30.012848
30.013188
30.013564
30.013924
30.014194
30.014302
30.014213
30.013925
30.013475
30.012929
30.012358
30.011834
30.011427
30.011171
30.011053
30.011041
30.011094
30.01114
30.011147
30.011087
30.010961
30.010787
30.010616
30.010487
30.010427
30.010439
30.010505
30.010575
30.010576
30.010455
30.010155
30.009675
30.009015
30.008233
30.007413
30.006633
30.005955
30.005422
30.005045
30.004796
30.004631
30.004498
30.004341
30.004132
30.003855
30.003531
30.003198
30.002899
30.002668
30.00253
30.002464
30.002438
30.002389
30.002253
30.001985
30.001552
30.00095
30.000217
29.999418
29.998621
29.997915
29.997346
29.996946
29.996719
29.996628
29.996624
29.996633
29.996618
29.996566
29.99647
29.996378
29.996327
29.99636
29.996491
29.996712
29.996996
29.997285
29.99752
29.997638
29.997595
29.997377
29.997014
29.996567
29.996118
29.995749
29.995519
29.995453
29.995564
29.995825
29.996194
29.996602
29.997012
29.99738
29.99769
29.997966
29.998246
29.998576
29.998989
29.99949
30.000066
30.000666
30.001238
30.001704
30.00201
30.002135
30.002084
30.001883
30.001609
30.001356
30.001194
30.001158
30.001271
30.00153
30.001894
30.002311
30.002724
30.00309
30.003395
30.003646
30.003886
30.004147
30.004472
30.004873
30.00534
30.005847
30.006337
30.006734
30.006981
30.007056
30.006945
30.006662
30.006271
30.005843
30.005467
30.005208
30.005115
30.005184
30.005393
30.005668
30.005952
30.0062
30.006399
30.006538
30.006647
30.006747
30.006892
30.007102
30.007393
30.007738
30.008099
30.008411
30.008609
30.008663
30.008554
30.008288
30.00791
30.007491
30.007101
30.006814
30.006681
30.006721
30.006926
30.007251
30.007626
30.007994
30.008315
30.008573
30.00878
30.008978
30.009199
30.009487
30.009853
30.010289
30.01075
30.011184
30.011519
30.011699
30.011689
30.011482
30.011111
30.010644
30.010148
30.009713
30.009403
30.00923
30.0092
30.00928
30.009422
30.009575
30.009679
30.009708
30.009663
30.009579
30.009486
30.009441
30.00945
30.009519
30.009631
30.009737
30.009785
30.009699
30.009443
30.008994
30.00839
30.007683
30.006949
30.006263
30.005698
30.005293
30.005068
30.005004
30.005046
30.005131
30.005212
30.005253
30.005263
30.005249
30.005253
30.005305
30.005445
30.005666
30.005962
30.00629
30.0066
30.006819
30.006894
30.006804
30.00654
30.006149
30.005689
30.005238
30.004876
30.004658
30.004609
30.004723
30.004958
30.005245
30.005529
30.00577
30.005955
30.006094
30.006212
30.006347
30.006544
30.00682
30.007166
30.007541
30.007894
30.008169
30.008309
30.008273
30.008052
30.007677
30.007213
30.006725
30.006284
30.005958
30.005779
30.005752
30.005857
30.006043
30.006251
30.006435
30.006562
30.006626
30.006658
30.006682
30.006735
30.006845
30.007012
30.007219
30.007434
30.00758
30.0076
30.007454
30.007114
30.0066
30.005949
30.005242
30.004544
30.00394
30.003472
30.003153
30.002972
30.002882
30.002827
30.002766
30.002666
30.002503
30.002297
30.002079
30.001894
30.001771
30.001734
30.001764
30.001825
30.001856
30.001811
30.001639
30.001303
30.000799
30.000161
29.999452
29.998741
29.998115
29.997637
29.997335
29.997209
29.997218
29.997312
29.997434
29.997538
29.99761
29.997637
29.997647
29.99768
29.997783
29.99797
29.998253
29.998602
29.998959
29.99926
29.999442
29.99946
29.999317
29.999021
29.998632
29.998217
29.997845
29.997583
29.997481
29.997538
29.99775
29.998056
29.99841
29.998756
29.999072
29.99934
29.999583
29.999837
30.00013
30.000479
30.0009
30.001382
30.001883
30.002352
30.002716
30.002921
30.002949
30.002807
30.002539
30.002217
30.001913
30.001701
30.001616
30.001681
30.001894
30.002215
30.002593
30.00297
30.003321
30.003626
30.003891
30.004135
30.004394
30.004712
30.005102
30.005556
30.006048
30.006523
30.006921
30.007183
30.007264
30.007171
30.006932
30.006603
30.00625
30.005957
30.005768
30.005715
30.005802
30.00601
30.006288
30.006578
30.006835
30.007044
30.007211
30.007344
30.007482
30.007674
30.007938
30.008269
30.008642
30.009022
30.009345
30.009549
30.009586
30.009426
30.009102
30.008662
30.008179
30.007726
30.007376
30.007184
30.007149
30.007253
30.00746
30.007722
30.007986
30.008209
30.008379
30.008505
30.008612
30.008756
30.008959
30.009239
30.009586
30.009961
30.010295
30.01052
30.010588
30.010481
30.010192
30.009772
30.009261
30.008745
30.00829
30.007962
30.00779
30.007758
30.007833
30.007951
30.008066
30.008139
30.008144
30.00808
30.007982
30.007896
30.007857
30.007888
30.007991
30.008127
30.00825
30.008291
30.008181
30.00787
30.007361
30.006678
30.005879
30.005044
30.004254
30.003568
30.003029
30.002648
30.002414
30.002279
30.002169
30.002044
30.001877
30.001664
30.00142
30.001193
30.001021
30.000928
30.000914
30.000962
30.001038
30.00108
30.001025
30.000827
30.000456
29.999925
29.999287
29.998615
29.997986
29.997456
29.997083
29.996891
29.996876
29.996976
29.997145
29.997327
29.997497
29.997637
29.99775
29.997877
29.998063
29.998343
29.99874
29.999236
29.999795
30.000355
30.000849
30.001212
30.001416
30.001459
30.001361
30.001176
30.000983
30.000857
30.000856
30.00102
30.00134
30.00179
30.00231
30.002836
30.003321
30.003745
30.004097
30.004403
30.004703
30.005045
30.005446
30.005918
30.006433
30.006935
30.007362
30.007653
30.007763
30.007665
30.007374
30.006944
30.006437
30.005934
30.005516
30.005225
30.005072
30.005044
30.005094
30.005168
30.005204
30.005176
30.005065
30.004893
30.004697
30.004522
30.004419
30.004409
30.00447
30.004565
30.00463
30.004603
30.004434
30.004092
30.003574
30.002915
30.002183
30.001464
30.000823
30.000327
30.000004
29.999855
29.999841
29.999912
30.000011
30.000094
30.000127
30.000121
30.000105
30.000116
30.000182
30.000341
30.000585
30.000888
30.001194
30.001442
30.001571
30.001535
30.001324
30.000948
30.000474
29.999971
29.999511
29.999162
29.99896
29.998925
29.999037
29.999238
29.999486
29.999728
29.999926
30.000067
30.000181
30.000306
30.00049
30.000749
30.001096
30.001517
30.001969
30.002399
30.002732
30.002914
30.002924
30.002752
30.002444
30.002076
30.001724
30.001461
30.001343
30.001389
30.001595
30.001917
30.002284
30.00266
30.003
30.003286
30.003525
30.003742
30.003971
30.004258
30.004635
30.005089
30.005591
30.006084
30.006506
30.006795
30.006923
30.006873
30.006673
30.00638
30.006077
30.005825
30.005688
30.005711
30.005909
30.006234
30.006648
30.007086
30.007497
30.007843
30.008131
30.008388
30.008632
30.008915
30.009272
30.009714
30.010228
30.010767
30.01126
30.011637
30.011848
30.011874
30.011726
30.011448
30.011096
30.010765
30.010529
30.010422
30.010469
30.010648
30.010925
30.01125
30.011571
30.011829
30.012014
30.012142
30.01224
30.012348
30.012515
30.01274
30.013022
30.013323
30.013579
30.013742
30.013761
30.0136
30.013253
30.012755
30.012155
30.011542
30.010986
30.010557
30.010286
30.010175
30.01019
30.010281
30.010392
30.010464
30.010487
30.010455
30.010381
30.010313
30.010285
30.010343
30.01048
30.010675
30.010875
30.011003
30.011004
30.01082
30.010447
30.009904
30.009245
30.008529
30.00784
30.007238
30.006787
30.006495
30.006348
30.006296
30.006283
30.006247
30.006176
30.006045
30.005889
30.005736
30.005623
30.005578
30.005621
30.00573
30.005868
30.005974
30.005981
30.005826
30.005481
30.004964
30.004312
30.003588
30.002861
30.002219
30.001708
30.001344
30.001116
30.000996
30.000926
30.00086
30.000763
30.000611
30.000401
30.000171
29.999947
29.999787
29.999713
29.999724
29.999781
29.999837
29.999839
29.999728
29.999464
29.999037
29.998479
29.997834
29.997172
29.996565
29.996083
29.995761
29.9956
29.995585
29.995661
29.995789
29.995917
29.996007
29.996066
29.996119
29.9962
29.996354
29.996595
29.996931
29.997351
29.997806
29.998225
29.998555
29.998757
29.998805
29.9987
29.998499
29.998264
29.99808
29.998009
29.998094
29.998351
29.998765
29.999291
29.999871
30.000463
30.001032
30.001554
30.002028
30.002491
30.00297
30.003504
30.004102
30.004754
30.005431
30.00606
30.006586
30.006951
30.007134
30.007121
30.006961
30.00671
30.00643
30.006206
30.006082
30.006089
30.00623
30.00647
30.006762
30.007052
30.007298
30.007471
30.007584
30.007667
30.00776
30.007895
30.008093
30.008352
30.008634
30.008892
30.009074
30.009105
30.008933
30.00856
30.008005
30.007327
30.006604
30.005899
30.005276
30.004782
30.004432
30.004217
30.00409
30.003999
30.003884
30.003718
30.0035
30.003246
30.003007
30.00282
30.00271
30.00268
30.002711
30.00277
30.002796
30.002744
30.002563
30.002218
